"DT_GERACAO","HH_GERACAO","ANO_ELEICAO","CD_TIPO_ELEICAO","NM_TIPO_ELEICAO","NR_TURNO","CD_ELEICAO","DS_ELEICAO","DT_ELEICAO","TP_ABRANGENCIA","SG_UF","SG_UE","NM_UE","CD_MUNICIPIO","NM_MUNICIPIO","NR_ZONA","NR_SECAO","CD_CARGO","DS_CARGO","NR_VOTAVEL","NM_VOTAVEL","QT_VOTOS","NR_LOCAL_VOTACAO","SQ_CANDIDATO","NM_LOCAL_VOTACAO","DS_LOCAL_VOTACAO_ENDERECO"
"12/7/2023","14:25:26","2016","2","ELEI??O ORDIN?RIA","1","220","ELEI??ES MUNICIPAIS 2016","10/2/2016","M","RJ","58491","MAG?","58491","MAG?","110","453","13","VEREADOR","28028","CLEVERSOM VIDAL RIBEIRO","19","2682","190000021834","ESCOLA MUNICIPAL GETULIO VARGAS","EST. ANTONIO A. BERGARA CACHOEIRINHA S/N"
"12/7/2023","14:25:26","2016","2","ELEI??O ORDIN?RIA","1","220","ELEI??ES MUNICIPAIS 2016","10/2/2016","M","RJ","58491","MAG?","58491","MAG?","148","202","13","VEREADOR","28028","CLEVERSOM VIDAL RIBEIRO","18","1570","190000021834","ESCOLA MUNICIPAL RENATA FRANCO (PERGENTINA COZZOLINO)","RUA C S/N LOTEAMENTO PARAGUAI"
"12/7/2023","14:25:26","2016","2","ELEI??O ORDIN?RIA","1","220","ELEI??ES MUNICIPAIS 2016","10/2/2016","M","RJ","58491","MAG?","58491","MAG?","148","41","13","VEREADOR","28028","CLEVERSOM VIDAL RIBEIRO","14","1074","190000021834","COLEGIO SOARES COIMBRA","RUA SANDRO GOMES DOS SANTOS, 452"
"12/7/2023","14:25:26","2016","2","ELEI??O ORDIN?RIA","1","220","ELEI??ES MUNICIPAIS 2016","10/2/2016","M","RJ","58491","MAG?","58491","MAG?","148","1","13","VEREADOR","28028","CLEVERSOM VIDAL RIBEIRO","14","1570","190000021834","ESCOLA MUNICIPAL RENATA FRANCO (PERGENTINA COZZOLINO)","RUA C S/N LOTEAMENTO PARAGUAI"
"12/7/2023","14:25:26","2016","2","ELEI??O ORDIN?RIA","1","220","ELEI??ES MUNICIPAIS 2016","10/2/2016","M","RJ","58491","MAG?","58491","MAG?","148","7","13","VEREADOR","28028","CLEVERSOM VIDAL RIBEIRO","13","1031","190000021834","ESCOLA MUNICIPAL VEREADOR GERALDO ?NGELO PEREIRA","RUA J S/N (PRA?A CARLOS DE SOUZA)"
"12/7/2023","14:25:26","2016","2","ELEI??O ORDIN?RIA","1","220","ELEI??ES MUNICIPAIS 2016","10/2/2016","M","RJ","58491","MAG?","58491","MAG?","148","6","13","VEREADOR","28028","CLEVERSOM VIDAL RIBEIRO","13","1031","190000021834","ESCOLA MUNICIPAL VEREADOR GERALDO ?NGELO PEREIRA","RUA J S/N (PRA?A CARLOS DE SOUZA)"
"12/7/2023","14:25:26","2016","2","ELEI??O ORDIN?RIA","1","220","ELEI??ES MUNICIPAIS 2016","10/2/2016","M","RJ","58491","MAG?","58491","MAG?","148","130","13","VEREADOR","28028","CLEVERSOM VIDAL RIBEIRO","13","1210","190000021834","C. E.  JOSE VERISSIMO","AV. AUTOM?VEL CLUBE"
"12/7/2023","14:25:26","2016","2","ELEI??O ORDIN?RIA","1","220","ELEI??ES MUNICIPAIS 2016","10/2/2016","M","RJ","58491","MAG?","58491","MAG?","148","181","13","VEREADOR","28028","CLEVERSOM VIDAL RIBEIRO","13","1570","190000021834","ESCOLA MUNICIPAL RENATA FRANCO (PERGENTINA COZZOLINO)","RUA C S/N LOTEAMENTO PARAGUAI"
"12/7/2023","14:25:26","2016","2","ELEI??O ORDIN?RIA","1","220","ELEI??ES MUNICIPAIS 2016","10/2/2016","M","RJ","58491","MAG?","58491","MAG?","148","184","13","VEREADOR","28028","CLEVERSOM VIDAL RIBEIRO","13","1074","190000021834","COLEGIO SOARES COIMBRA","RUA SANDRO GOMES DOS SANTOS, 452"
"12/7/2023","14:25:26","2016","2","ELEI??O ORDIN?RIA","1","220","ELEI??ES MUNICIPAIS 2016","10/2/2016","M","RJ","58491","MAG?","58491","MAG?","148","219","13","VEREADOR","28028","CLEVERSOM VIDAL RIBEIRO","12","1570","190000021834","ESCOLA MUNICIPAL RENATA FRANCO (PERGENTINA COZZOLINO)","RUA C S/N LOTEAMENTO PARAGUAI"
"12/7/2023","14:25:26","2016","2","ELEI??O ORDIN?RIA","1","220","ELEI??ES MUNICIPAIS 2016","10/2/2016","M","RJ","58491","MAG?","58491","MAG?","148","8","13","VEREADOR","28028","CLEVERSOM VIDAL RIBEIRO","12","1031","190000021834","ESCOLA MUNICIPAL VEREADOR GERALDO ?NGELO PEREIRA","RUA J S/N (PRA?A CARLOS DE SOUZA)"
"12/7/2023","14:25:26","2016","2","ELEI??O ORDIN?RIA","1","220","ELEI??ES MUNICIPAIS 2016","10/2/2016","M","RJ","58491","MAG?","58491","MAG?","148","214","13","VEREADOR","28028","CLEVERSOM VIDAL RIBEIRO","12","1570","190000021834","ESCOLA MUNICIPAL RENATA FRANCO (PERGENTINA COZZOLINO)","RUA C S/N LOTEAMENTO PARAGUAI"
"12/7/2023","14:25:26","2016","2","ELEI??O ORDIN?RIA","1","220","ELEI??ES MUNICIPAIS 2016","10/2/2016","M","RJ","58491","MAG?","58491","MAG?","148","192","13","VEREADOR","28028","CLEVERSOM VIDAL RIBEIRO","11","1031","190000021834","ESCOLA MUNICIPAL VEREADOR GERALDO ?NGELO PEREIRA","RUA J S/N (PRA?A CARLOS DE SOUZA)"
"12/7/2023","14:25:26","2016","2","ELEI??O ORDIN?RIA","1","220","ELEI??ES MUNICIPAIS 2016","10/2/2016","M","RJ","58491","MAG?","58491","MAG?","110","401","13","VEREADOR","28028","CLEVERSOM VIDAL RIBEIRO","11","2682","190000021834","ESCOLA MUNICIPAL GETULIO VARGAS","EST. ANTONIO A. BERGARA CACHOEIRINHA S/N"
"12/7/2023","14:25:26","2016","2","ELEI??O ORDIN?RIA","1","220","ELEI??ES MUNICIPAIS 2016","10/2/2016","M","RJ","58491","MAG?","58491","MAG?","148","182","13","VEREADOR","28028","CLEVERSOM VIDAL RIBEIRO","11","1570","190000021834","ESCOLA MUNICIPAL RENATA FRANCO (PERGENTINA COZZOLINO)","RUA C S/N LOTEAMENTO PARAGUAI"
"12/7/2023","14:25:26","2016","2","ELEI??O ORDIN?RIA","1","220","ELEI??ES MUNICIPAIS 2016","10/2/2016","M","RJ","58491","MAG?","58491","MAG?","148","242","13","VEREADOR","28028","CLEVERSOM VIDAL RIBEIRO","11","1074","190000021834","COLEGIO SOARES COIMBRA","RUA SANDRO GOMES DOS SANTOS, 452"
"12/7/2023","14:25:26","2016","2","ELEI??O ORDIN?RIA","1","220","ELEI??ES MUNICIPAIS 2016","10/2/2016","M","RJ","58491","MAG?","58491","MAG?","148","217","13","VEREADOR","28028","CLEVERSOM VIDAL RIBEIRO","11","1074","190000021834","COLEGIO SOARES COIMBRA","RUA SANDRO GOMES DOS SANTOS, 452"
"12/7/2023","14:25:26","2016","2","ELEI??O ORDIN?RIA","1","220","ELEI??ES MUNICIPAIS 2016","10/2/2016","M","RJ","58491","MAG?","58491","MAG?","148","189","13","VEREADOR","28028","CLEVERSOM VIDAL RIBEIRO","11","1570","190000021834","ESCOLA MUNICIPAL RENATA FRANCO (PERGENTINA COZZOLINO)","RUA C S/N LOTEAMENTO PARAGUAI"
"12/7/2023","14:25:26","2016","2","ELEI??O ORDIN?RIA","1","220","ELEI??ES MUNICIPAIS 2016","10/2/2016","M","RJ","58491","MAG?","58491","MAG?","148","23","13","VEREADOR","28028","CLEVERSOM VIDAL RIBEIRO","11","1074","190000021834","COLEGIO SOARES COIMBRA","RUA SANDRO GOMES DOS SANTOS, 452"
"12/7/2023","14:25:26","2016","2","ELEI??O ORDIN?RIA","1","220","ELEI??ES MUNICIPAIS 2016","10/2/2016","M","RJ","58491","MAG?","58491","MAG?","148","185","13","VEREADOR","28028","CLEVERSOM VIDAL RIBEIRO","10","1457","190000021834","ESCOLA MUNICIPAL PROFESSOR DANIEL SOARES SILVA (MARIA T. COZZOLINO)","AV. AUTOMOVEL CLUBE KM 59 N. 745"
"12/7/2023","14:25:26","2016","2","ELEI??O ORDIN?RIA","1","220","ELEI??ES MUNICIPAIS 2016","10/2/2016","M","RJ","58491","MAG?","58491","MAG?","148","9","13","VEREADOR","28028","CLEVERSOM VIDAL RIBEIRO","10","1031","190000021834","ESCOLA MUNICIPAL VEREADOR GERALDO ?NGELO PEREIRA","RUA J S/N (PRA?A CARLOS DE SOUZA)"
"12/7/2023","14:25:26","2016","2","ELEI??O ORDIN?RIA","1","220","ELEI??ES MUNICIPAIS 2016","10/2/2016","M","RJ","58491","MAG?","58491","MAG?","148","108","13","VEREADOR","28028","CLEVERSOM VIDAL RIBEIRO","9","1210","190000021834","C. E.  JOSE VERISSIMO","AV. AUTOM?VEL CLUBE"
"12/7/2023","14:25:26","2016","2","ELEI??O ORDIN?RIA","1","220","ELEI??ES MUNICIPAIS 2016","10/2/2016","M","RJ","58491","MAG?","58491","MAG?","148","105","13","VEREADOR","28028","CLEVERSOM VIDAL RIBEIRO","9","1210","190000021834","C. E.  JOSE VERISSIMO","AV. AUTOM?VEL CLUBE"
"12/7/2023","14:25:26","2016","2","ELEI??O ORDIN?RIA","1","220","ELEI??ES MUNICIPAIS 2016","10/2/2016","M","RJ","58491","MAG?","58491","MAG?","148","24","13","VEREADOR","28028","CLEVERSOM VIDAL RIBEIRO","9","1074","190000021834","COLEGIO SOARES COIMBRA","RUA SANDRO GOMES DOS SANTOS, 452"
"12/7/2023","14:25:26","2016","2","ELEI??O ORDIN?RIA","1","220","ELEI??ES MUNICIPAIS 2016","10/2/2016","M","RJ","58491","MAG?","58491","MAG?","110","533","13","VEREADOR","28028","CLEVERSOM VIDAL RIBEIRO","9","3034","190000021834","ESCOLA MUNICIPAL PROFESSORA RISOLETA GOULART DA S. MATUCK","RUA DOS CRAVOS 190 - 2633 8943"
"12/7/2023","14:25:26","2016","2","ELEI??O ORDIN?RIA","1","220","ELEI??ES MUNICIPAIS 2016","10/2/2016","M","RJ","58491","MAG?","58491","MAG?","148","231","13","VEREADOR","28028","CLEVERSOM VIDAL RIBEIRO","9","1074","190000021834","COLEGIO SOARES COIMBRA","RUA SANDRO GOMES DOS SANTOS, 452"
"12/7/2023","14:25:26","2016","2","ELEI??O ORDIN?RIA","1","220","ELEI??ES MUNICIPAIS 2016","10/2/2016","M","RJ","58491","MAG?","58491","MAG?","148","143","13","VEREADOR","28028","CLEVERSOM VIDAL RIBEIRO","8","1031","190000021834","ESCOLA MUNICIPAL VEREADOR GERALDO ?NGELO PEREIRA","RUA J S/N (PRA?A CARLOS DE SOUZA)"
"12/7/2023","14:25:26","2016","2","ELEI??O ORDIN?RIA","1","220","ELEI??ES MUNICIPAIS 2016","10/2/2016","M","RJ","58491","MAG?","58491","MAG?","148","241","13","VEREADOR","28028","CLEVERSOM VIDAL RIBEIRO","8","1210","190000021834","C. E.  JOSE VERISSIMO","AV. AUTOM?VEL CLUBE"
"12/7/2023","14:25:26","2016","2","ELEI??O ORDIN?RIA","1","220","ELEI??ES MUNICIPAIS 2016","10/2/2016","M","RJ","58491","MAG?","58491","MAG?","148","260","13","VEREADOR","28028","CLEVERSOM VIDAL RIBEIRO","8","1031","190000021834","ESCOLA MUNICIPAL VEREADOR GERALDO ?NGELO PEREIRA","RUA J S/N (PRA?A CARLOS DE SOUZA)"
"12/7/2023","14:25:26","2016","2","ELEI??O ORDIN?RIA","1","220","ELEI??ES MUNICIPAIS 2016","10/2/2016","M","RJ","58491","MAG?","58491","MAG?","148","133","13","VEREADOR","28028","CLEVERSOM VIDAL RIBEIRO","8","1570","190000021834","ESCOLA MUNICIPAL RENATA FRANCO (PERGENTINA COZZOLINO)","RUA C S/N LOTEAMENTO PARAGUAI"
"12/7/2023","14:25:26","2016","2","ELEI??O ORDIN?RIA","1","220","ELEI??ES MUNICIPAIS 2016","10/2/2016","M","RJ","58491","MAG?","58491","MAG?","148","4","13","VEREADOR","28028","CLEVERSOM VIDAL RIBEIRO","8","1031","190000021834","ESCOLA MUNICIPAL VEREADOR GERALDO ?NGELO PEREIRA","RUA J S/N (PRA?A CARLOS DE SOUZA)"
"12/7/2023","14:25:26","2016","2","ELEI??O ORDIN?RIA","1","220","ELEI??ES MUNICIPAIS 2016","10/2/2016","M","RJ","58491","MAG?","58491","MAG?","148","40","13","VEREADOR","28028","CLEVERSOM VIDAL RIBEIRO","7","1074","190000021834","COLEGIO SOARES COIMBRA","RUA SANDRO GOMES DOS SANTOS, 452"
"12/7/2023","14:25:26","2016","2","ELEI??O ORDIN?RIA","1","220","ELEI??ES MUNICIPAIS 2016","10/2/2016","M","RJ","58491","MAG?","58491","MAG?","148","73","13","VEREADOR","28028","CLEVERSOM VIDAL RIBEIRO","7","1210","190000021834","C. E.  JOSE VERISSIMO","AV. AUTOM?VEL CLUBE"
"12/7/2023","14:25:26","2016","2","ELEI??O ORDIN?RIA","1","220","ELEI??ES MUNICIPAIS 2016","10/2/2016","M","RJ","58491","MAG?","58491","MAG?","148","31","13","VEREADOR","28028","CLEVERSOM VIDAL RIBEIRO","7","1082","190000021834","COL?GIO ESTADUAL  PROFESSOR ALFREDO BALTHAZAR DA SILVEIRA","RUA GUARANY S/N"
"12/7/2023","14:25:26","2016","2","ELEI??O ORDIN?RIA","1","220","ELEI??ES MUNICIPAIS 2016","10/2/2016","M","RJ","58491","MAG?","58491","MAG?","148","69","13","VEREADOR","28028","CLEVERSOM VIDAL RIBEIRO","7","1210","190000021834","C. E.  JOSE VERISSIMO","AV. AUTOM?VEL CLUBE"
"12/7/2023","14:25:26","2016","2","ELEI??O ORDIN?RIA","1","220","ELEI??ES MUNICIPAIS 2016","10/2/2016","M","RJ","58491","MAG?","58491","MAG?","148","22","13","VEREADOR","28028","CLEVERSOM VIDAL RIBEIRO","7","1074","190000021834","COLEGIO SOARES COIMBRA","RUA SANDRO GOMES DOS SANTOS, 452"
"12/7/2023","14:25:26","2016","2","ELEI??O ORDIN?RIA","1","220","ELEI??ES MUNICIPAIS 2016","10/2/2016","M","RJ","58491","MAG?","58491","MAG?","148","132","13","VEREADOR","28028","CLEVERSOM VIDAL RIBEIRO","7","1570","190000021834","ESCOLA MUNICIPAL RENATA FRANCO (PERGENTINA COZZOLINO)","RUA C S/N LOTEAMENTO PARAGUAI"
"12/7/2023","14:25:26","2016","2","ELEI??O ORDIN?RIA","1","220","ELEI??ES MUNICIPAIS 2016","10/2/2016","M","RJ","58491","MAG?","58491","MAG?","148","112","13","VEREADOR","28028","CLEVERSOM VIDAL RIBEIRO","7","1317","190000021834","ESCOLA MUNICIIPAL AURELIANO COUTINHO","ESTRADA MUNICIPAL, S/N"
"12/7/2023","14:25:26","2016","2","ELEI??O ORDIN?RIA","1","220","ELEI??ES MUNICIPAIS 2016","10/2/2016","M","RJ","58491","MAG?","58491","MAG?","148","131","13","VEREADOR","28028","CLEVERSOM VIDAL RIBEIRO","7","1031","190000021834","ESCOLA MUNICIPAL VEREADOR GERALDO ?NGELO PEREIRA","RUA J S/N (PRA?A CARLOS DE SOUZA)"
"12/7/2023","14:25:26","2016","2","ELEI??O ORDIN?RIA","1","220","ELEI??ES MUNICIPAIS 2016","10/2/2016","M","RJ","58491","MAG?","58491","MAG?","148","248","13","VEREADOR","28028","CLEVERSOM VIDAL RIBEIRO","6","1082","190000021834","COL?GIO ESTADUAL  PROFESSOR ALFREDO BALTHAZAR DA SILVEIRA","RUA GUARANY S/N"
"12/7/2023","14:25:26","2016","2","ELEI??O ORDIN?RIA","1","220","ELEI??ES MUNICIPAIS 2016","10/2/2016","M","RJ","58491","MAG?","58491","MAG?","148","42","13","VEREADOR","28028","CLEVERSOM VIDAL RIBEIRO","6","1210","190000021834","C. E.  JOSE VERISSIMO","AV. AUTOM?VEL CLUBE"
"12/7/2023","14:25:26","2016","2","ELEI??O ORDIN?RIA","1","220","ELEI??ES MUNICIPAIS 2016","10/2/2016","M","RJ","58491","MAG?","58491","MAG?","148","266","13","VEREADOR","28028","CLEVERSOM VIDAL RIBEIRO","6","1031","190000021834","ESCOLA MUNICIPAL VEREADOR GERALDO ?NGELO PEREIRA","RUA J S/N (PRA?A CARLOS DE SOUZA)"
"12/7/2023","14:25:26","2016","2","ELEI??O ORDIN?RIA","1","220","ELEI??ES MUNICIPAIS 2016","10/2/2016","M","RJ","58491","MAG?","58491","MAG?","148","74","13","VEREADOR","28028","CLEVERSOM VIDAL RIBEIRO","6","1082","190000021834","COL?GIO ESTADUAL  PROFESSOR ALFREDO BALTHAZAR DA SILVEIRA","RUA GUARANY S/N"
"12/7/2023","14:25:26","2016","2","ELEI??O ORDIN?RIA","1","220","ELEI??ES MUNICIPAIS 2016","10/2/2016","M","RJ","58491","MAG?","58491","MAG?","148","26","13","VEREADOR","28028","CLEVERSOM VIDAL RIBEIRO","6","1082","190000021834","COL?GIO ESTADUAL  PROFESSOR ALFREDO BALTHAZAR DA SILVEIRA","RUA GUARANY S/N"
"12/7/2023","14:25:26","2016","2","ELEI??O ORDIN?RIA","1","220","ELEI??ES MUNICIPAIS 2016","10/2/2016","M","RJ","58491","MAG?","58491","MAG?","148","65","13","VEREADOR","28028","CLEVERSOM VIDAL RIBEIRO","6","1210","190000021834","C. E.  JOSE VERISSIMO","AV. AUTOM?VEL CLUBE"
"12/7/2023","14:25:26","2016","2","ELEI??O ORDIN?RIA","1","220","ELEI??ES MUNICIPAIS 2016","10/2/2016","M","RJ","58491","MAG?","58491","MAG?","148","25","13","VEREADOR","28028","CLEVERSOM VIDAL RIBEIRO","6","1082","190000021834","COL?GIO ESTADUAL  PROFESSOR ALFREDO BALTHAZAR DA SILVEIRA","RUA GUARANY S/N"
"12/7/2023","14:25:26","2016","2","ELEI??O ORDIN?RIA","1","220","ELEI??ES MUNICIPAIS 2016","10/2/2016","M","RJ","58491","MAG?","58491","MAG?","148","32","13","VEREADOR","28028","CLEVERSOM VIDAL RIBEIRO","6","1082","190000021834","COL?GIO ESTADUAL  PROFESSOR ALFREDO BALTHAZAR DA SILVEIRA","RUA GUARANY S/N"
"12/7/2023","14:25:26","2016","2","ELEI??O ORDIN?RIA","1","220","ELEI??ES MUNICIPAIS 2016","10/2/2016","M","RJ","58491","MAG?","58491","MAG?","148","107","13","VEREADOR","28028","CLEVERSOM VIDAL RIBEIRO","6","1210","190000021834","C. E.  JOSE VERISSIMO","AV. AUTOM?VEL CLUBE"
"12/7/2023","14:25:26","2016","2","ELEI??O ORDIN?RIA","1","220","ELEI??ES MUNICIPAIS 2016","10/2/2016","M","RJ","58491","MAG?","58491","MAG?","148","238","13","VEREADOR","28028","CLEVERSOM VIDAL RIBEIRO","6","1686","190000021834","ESCOLA MUNICIPAL GERALDA ALVES DA SILVA (RAPHAEL COZZOLINO)","RUA GUARANI, 1978"
"12/7/2023","14:25:26","2016","2","ELEI??O ORDIN?RIA","1","220","ELEI??ES MUNICIPAIS 2016","10/2/2016","M","RJ","58491","MAG?","58491","MAG?","148","148","13","VEREADOR","28028","CLEVERSOM VIDAL RIBEIRO","5","1686","190000021834","ESCOLA MUNICIPAL GERALDA ALVES DA SILVA (RAPHAEL COZZOLINO)","RUA GUARANI, 1978"
"12/7/2023","14:25:26","2016","2","ELEI??O ORDIN?RIA","1","220","ELEI??ES MUNICIPAIS 2016","10/2/2016","M","RJ","58491","MAG?","58491","MAG?","148","259","13","VEREADOR","28028","CLEVERSOM VIDAL RIBEIRO","5","1694","190000021834","ESCOLA MUNICIPAL GANDUR ASSED","RUA UM, S/N"
"12/7/2023","14:25:26","2016","2","ELEI??O ORDIN?RIA","1","220","ELEI??ES MUNICIPAIS 2016","10/2/2016","M","RJ","58491","MAG?","58491","MAG?","148","55","13","VEREADOR","28028","CLEVERSOM VIDAL RIBEIRO","5","1210","190000021834","C. E.  JOSE VERISSIMO","AV. AUTOM?VEL CLUBE"
"12/7/2023","14:25:26","2016","2","ELEI??O ORDIN?RIA","1","220","ELEI??ES MUNICIPAIS 2016","10/2/2016","M","RJ","58491","MAG?","58491","MAG?","148","78","13","VEREADOR","28028","CLEVERSOM VIDAL RIBEIRO","5","1228","190000021834","ESCOLA MUNICIPAL PROFESSORA JUPIRA FERREIRA CORREA","RUA CARAMURU, 150"
"12/7/2023","14:25:26","2016","2","ELEI??O ORDIN?RIA","1","220","ELEI??ES MUNICIPAIS 2016","10/2/2016","M","RJ","58491","MAG?","58491","MAG?","148","149","13","VEREADOR","28028","CLEVERSOM VIDAL RIBEIRO","5","1686","190000021834","ESCOLA MUNICIPAL GERALDA ALVES DA SILVA (RAPHAEL COZZOLINO)","RUA GUARANI, 1978"
"12/7/2023","14:25:26","2016","2","ELEI??O ORDIN?RIA","1","220","ELEI??ES MUNICIPAIS 2016","10/2/2016","M","RJ","58491","MAG?","58491","MAG?","148","174","13","VEREADOR","28028","CLEVERSOM VIDAL RIBEIRO","5","1457","190000021834","ESCOLA MUNICIPAL PROFESSOR DANIEL SOARES SILVA (MARIA T. COZZOLINO)","AV. AUTOMOVEL CLUBE KM 59 N. 745"
"12/7/2023","14:25:26","2016","2","ELEI??O ORDIN?RIA","1","220","ELEI??ES MUNICIPAIS 2016","10/2/2016","M","RJ","58491","MAG?","58491","MAG?","148","117","13","VEREADOR","28028","CLEVERSOM VIDAL RIBEIRO","5","1376","190000021834","PRIMEIRA IGREJA BATISTA DE PIABETA","RUA BRASIL 235"
"12/7/2023","14:25:26","2016","2","ELEI??O ORDIN?RIA","1","220","ELEI??ES MUNICIPAIS 2016","10/2/2016","M","RJ","58491","MAG?","58491","MAG?","148","249","13","VEREADOR","28028","CLEVERSOM VIDAL RIBEIRO","5","1031","190000021834","ESCOLA MUNICIPAL VEREADOR GERALDO ?NGELO PEREIRA","RUA J S/N (PRA?A CARLOS DE SOUZA)"
"12/7/2023","14:25:26","2016","2","ELEI??O ORDIN?RIA","1","220","ELEI??ES MUNICIPAIS 2016","10/2/2016","M","RJ","58491","MAG?","58491","MAG?","148","106","13","VEREADOR","28028","CLEVERSOM VIDAL RIBEIRO","5","1210","190000021834","C. E.  JOSE VERISSIMO","AV. AUTOM?VEL CLUBE"
"12/7/2023","14:25:26","2016","2","ELEI??O ORDIN?RIA","1","220","ELEI??ES MUNICIPAIS 2016","10/2/2016","M","RJ","58491","MAG?","58491","MAG?","148","39","13","VEREADOR","28028","CLEVERSOM VIDAL RIBEIRO","5","1074","190000021834","COLEGIO SOARES COIMBRA","RUA SANDRO GOMES DOS SANTOS, 452"
"12/7/2023","14:25:26","2016","2","ELEI??O ORDIN?RIA","1","220","ELEI??ES MUNICIPAIS 2016","10/2/2016","M","RJ","58491","MAG?","58491","MAG?","148","220","13","VEREADOR","28028","CLEVERSOM VIDAL RIBEIRO","5","1589","190000021834","ESCOLA MUNICIPAL PROFESSOR GISNEI CAMARA","RUA ARISTIDES PORTUGAL 353"
"12/7/2023","14:25:26","2016","2","ELEI??O ORDIN?RIA","1","220","ELEI??ES MUNICIPAIS 2016","10/2/2016","M","RJ","58491","MAG?","58491","MAG?","148","229","13","VEREADOR","28028","CLEVERSOM VIDAL RIBEIRO","5","1686","190000021834","ESCOLA MUNICIPAL GERALDA ALVES DA SILVA (RAPHAEL COZZOLINO)","RUA GUARANI, 1978"
"12/7/2023","14:25:26","2016","2","ELEI??O ORDIN?RIA","1","220","ELEI??ES MUNICIPAIS 2016","10/2/2016","M","RJ","58491","MAG?","58491","MAG?","148","158","13","VEREADOR","28028","CLEVERSOM VIDAL RIBEIRO","5","1228","190000021834","ESCOLA MUNICIPAL PROFESSORA JUPIRA FERREIRA CORREA","RUA CARAMURU, 150"
"12/7/2023","14:25:26","2016","2","ELEI??O ORDIN?RIA","1","220","ELEI??ES MUNICIPAIS 2016","10/2/2016","M","RJ","58491","MAG?","58491","MAG?","148","29","13","VEREADOR","28028","CLEVERSOM VIDAL RIBEIRO","5","1082","190000021834","COL?GIO ESTADUAL  PROFESSOR ALFREDO BALTHAZAR DA SILVEIRA","RUA GUARANY S/N"
"12/7/2023","14:25:26","2016","2","ELEI??O ORDIN?RIA","1","220","ELEI??ES MUNICIPAIS 2016","10/2/2016","M","RJ","58491","MAG?","58491","MAG?","148","224","13","VEREADOR","28028","CLEVERSOM VIDAL RIBEIRO","5","1031","190000021834","ESCOLA MUNICIPAL VEREADOR GERALDO ?NGELO PEREIRA","RUA J S/N (PRA?A CARLOS DE SOUZA)"
"12/7/2023","14:25:26","2016","2","ELEI??O ORDIN?RIA","1","220","ELEI??ES MUNICIPAIS 2016","10/2/2016","M","RJ","58491","MAG?","58491","MAG?","148","109","13","VEREADOR","28028","CLEVERSOM VIDAL RIBEIRO","5","1210","190000021834","C. E.  JOSE VERISSIMO","AV. AUTOM?VEL CLUBE"
"12/7/2023","14:25:26","2016","2","ELEI??O ORDIN?RIA","1","220","ELEI??ES MUNICIPAIS 2016","10/2/2016","M","RJ","58491","MAG?","58491","MAG?","148","122","13","VEREADOR","28028","CLEVERSOM VIDAL RIBEIRO","5","1228","190000021834","ESCOLA MUNICIPAL PROFESSORA JUPIRA FERREIRA CORREA","RUA CARAMURU, 150"
"12/7/2023","14:25:26","2016","2","ELEI??O ORDIN?RIA","1","220","ELEI??ES MUNICIPAIS 2016","10/2/2016","M","RJ","58491","MAG?","58491","MAG?","148","247","13","VEREADOR","28028","CLEVERSOM VIDAL RIBEIRO","5","1589","190000021834","ESCOLA MUNICIPAL PROFESSOR GISNEI CAMARA","RUA ARISTIDES PORTUGAL 353"
"12/7/2023","14:25:26","2016","2","ELEI??O ORDIN?RIA","1","220","ELEI??ES MUNICIPAIS 2016","10/2/2016","M","RJ","58491","MAG?","58491","MAG?","148","38","13","VEREADOR","28028","CLEVERSOM VIDAL RIBEIRO","5","1074","190000021834","COLEGIO SOARES COIMBRA","RUA SANDRO GOMES DOS SANTOS, 452"
"12/7/2023","14:25:26","2016","2","ELEI??O ORDIN?RIA","1","220","ELEI??ES MUNICIPAIS 2016","10/2/2016","M","RJ","58491","MAG?","58491","MAG?","148","118","13","VEREADOR","28028","CLEVERSOM VIDAL RIBEIRO","5","1686","190000021834","ESCOLA MUNICIPAL GERALDA ALVES DA SILVA (RAPHAEL COZZOLINO)","RUA GUARANI, 1978"
"12/7/2023","14:25:26","2016","2","ELEI??O ORDIN?RIA","1","220","ELEI??ES MUNICIPAIS 2016","10/2/2016","M","RJ","58491","MAG?","58491","MAG?","148","5","13","VEREADOR","28028","CLEVERSOM VIDAL RIBEIRO","4","1031","190000021834","ESCOLA MUNICIPAL VEREADOR GERALDO ?NGELO PEREIRA","RUA J S/N (PRA?A CARLOS DE SOUZA)"
"12/7/2023","14:25:26","2016","2","ELEI??O ORDIN?RIA","1","220","ELEI??ES MUNICIPAIS 2016","10/2/2016","M","RJ","58491","MAG?","58491","MAG?","148","75","13","VEREADOR","28028","CLEVERSOM VIDAL RIBEIRO","4","1082","190000021834","COL?GIO ESTADUAL  PROFESSOR ALFREDO BALTHAZAR DA SILVEIRA","RUA GUARANY S/N"
"12/7/2023","14:25:26","2016","2","ELEI??O ORDIN?RIA","1","220","ELEI??ES MUNICIPAIS 2016","10/2/2016","M","RJ","58491","MAG?","58491","MAG?","148","243","13","VEREADOR","28028","CLEVERSOM VIDAL RIBEIRO","4","1198","190000021834","CIEP 441 - MANE GARRINCHA","RUA JOS? PEREIRA DE SOUZA S/N"
"12/7/2023","14:25:26","2016","2","ELEI??O ORDIN?RIA","1","220","ELEI??ES MUNICIPAIS 2016","10/2/2016","M","RJ","58491","MAG?","58491","MAG?","148","3","13","VEREADOR","28028","CLEVERSOM VIDAL RIBEIRO","4","1031","190000021834","ESCOLA MUNICIPAL VEREADOR GERALDO ?NGELO PEREIRA","RUA J S/N (PRA?A CARLOS DE SOUZA)"
"12/7/2023","14:25:26","2016","2","ELEI??O ORDIN?RIA","1","220","ELEI??ES MUNICIPAIS 2016","10/2/2016","M","RJ","58491","MAG?","58491","MAG?","148","96","13","VEREADOR","28028","CLEVERSOM VIDAL RIBEIRO","4","1279","190000021834","CIEP 127 - FREI ACURSIO ALUIZIO GONZAGA","RUA TREZE S/N"
"12/7/2023","14:25:26","2016","2","ELEI??O ORDIN?RIA","1","220","ELEI??ES MUNICIPAIS 2016","10/2/2016","M","RJ","58491","MAG?","58491","MAG?","148","134","13","VEREADOR","28028","CLEVERSOM VIDAL RIBEIRO","4","1317","190000021834","ESCOLA MUNICIIPAL AURELIANO COUTINHO","ESTRADA MUNICIPAL, S/N"
"12/7/2023","14:25:26","2016","2","ELEI??O ORDIN?RIA","1","220","ELEI??ES MUNICIPAIS 2016","10/2/2016","M","RJ","58491","MAG?","58491","MAG?","148","91","13","VEREADOR","28028","CLEVERSOM VIDAL RIBEIRO","4","1317","190000021834","ESCOLA MUNICIIPAL AURELIANO COUTINHO","ESTRADA MUNICIPAL, S/N"
"12/7/2023","14:25:26","2016","2","ELEI??O ORDIN?RIA","1","220","ELEI??ES MUNICIPAIS 2016","10/2/2016","M","RJ","58491","MAG?","58491","MAG?","110","531","13","VEREADOR","28028","CLEVERSOM VIDAL RIBEIRO","4","3034","190000021834","ESCOLA MUNICIPAL PROFESSORA RISOLETA GOULART DA S. MATUCK","RUA DOS CRAVOS 190 - 2633 8943"
"12/7/2023","14:25:26","2016","2","ELEI??O ORDIN?RIA","1","220","ELEI??ES MUNICIPAIS 2016","10/2/2016","M","RJ","58491","MAG?","58491","MAG?","110","295","13","VEREADOR","28028","CLEVERSOM VIDAL RIBEIRO","4","1120","190000021834","ESCOLA ESTADUAL VISCONDE DE SEPETIBA","RUA PREFEITO ULLMAN"
"12/7/2023","14:25:26","2016","2","ELEI??O ORDIN?RIA","1","220","ELEI??ES MUNICIPAIS 2016","10/2/2016","M","RJ","58491","MAG?","58491","MAG?","148","83","13","VEREADOR","28028","CLEVERSOM VIDAL RIBEIRO","4","1201","190000021834","ESCOLA ESTADUAL PROFESSORA ALDA BERNARDO DOS SANTOS TAVARES","RUA BRASIL, 153"
"12/7/2023","14:25:26","2016","2","ELEI??O ORDIN?RIA","1","220","ELEI??ES MUNICIPAIS 2016","10/2/2016","M","RJ","58491","MAG?","58491","MAG?","148","72","13","VEREADOR","28028","CLEVERSOM VIDAL RIBEIRO","4","1210","190000021834","C. E.  JOSE VERISSIMO","AV. AUTOM?VEL CLUBE"
"12/7/2023","14:25:26","2016","2","ELEI??O ORDIN?RIA","1","220","ELEI??ES MUNICIPAIS 2016","10/2/2016","M","RJ","58491","MAG?","58491","MAG?","148","203","13","VEREADOR","28028","CLEVERSOM VIDAL RIBEIRO","4","1686","190000021834","ESCOLA MUNICIPAL GERALDA ALVES DA SILVA (RAPHAEL COZZOLINO)","RUA GUARANI, 1978"
"12/7/2023","14:25:26","2016","2","ELEI??O ORDIN?RIA","1","220","ELEI??ES MUNICIPAIS 2016","10/2/2016","M","RJ","58491","MAG?","58491","MAG?","148","167","13","VEREADOR","28028","CLEVERSOM VIDAL RIBEIRO","4","1589","190000021834","ESCOLA MUNICIPAL PROFESSOR GISNEI CAMARA","RUA ARISTIDES PORTUGAL 353"
"12/7/2023","14:25:26","2016","2","ELEI??O ORDIN?RIA","1","220","ELEI??ES MUNICIPAIS 2016","10/2/2016","M","RJ","58491","MAG?","58491","MAG?","148","128","13","VEREADOR","28028","CLEVERSOM VIDAL RIBEIRO","4","1376","190000021834","PRIMEIRA IGREJA BATISTA DE PIABETA","RUA BRASIL 235"
"12/7/2023","14:25:26","2016","2","ELEI??O ORDIN?RIA","1","220","ELEI??ES MUNICIPAIS 2016","10/2/2016","M","RJ","58491","MAG?","58491","MAG?","148","213","13","VEREADOR","28028","CLEVERSOM VIDAL RIBEIRO","4","1457","190000021834","ESCOLA MUNICIPAL PROFESSOR DANIEL SOARES SILVA (MARIA T. COZZOLINO)","AV. AUTOMOVEL CLUBE KM 59 N. 745"
"12/7/2023","14:25:26","2016","2","ELEI??O ORDIN?RIA","1","220","ELEI??ES MUNICIPAIS 2016","10/2/2016","M","RJ","58491","MAG?","58491","MAG?","110","508","13","VEREADOR","28028","CLEVERSOM VIDAL RIBEIRO","4","2968","190000021834","COL?GIO ESTADUAL JOAQUIM LEIT?O","RUA WALDEMAR LIMA TEIXEIRA S/N - 2630 0131"
"12/7/2023","14:25:26","2016","2","ELEI??O ORDIN?RIA","1","220","ELEI??ES MUNICIPAIS 2016","10/2/2016","M","RJ","58491","MAG?","58491","MAG?","148","115","13","VEREADOR","28028","CLEVERSOM VIDAL RIBEIRO","4","1317","190000021834","ESCOLA MUNICIIPAL AURELIANO COUTINHO","ESTRADA MUNICIPAL, S/N"
"12/7/2023","14:25:26","2016","2","ELEI??O ORDIN?RIA","1","220","ELEI??ES MUNICIPAIS 2016","10/2/2016","M","RJ","58491","MAG?","58491","MAG?","148","59","13","VEREADOR","28028","CLEVERSOM VIDAL RIBEIRO","4","1198","190000021834","CIEP 441 - MANE GARRINCHA","RUA JOS? PEREIRA DE SOUZA S/N"
"12/7/2023","14:25:26","2016","2","ELEI??O ORDIN?RIA","1","220","ELEI??ES MUNICIPAIS 2016","10/2/2016","M","RJ","58491","MAG?","58491","MAG?","110","523","13","VEREADOR","28028","CLEVERSOM VIDAL RIBEIRO","4","3000","190000021834","ESCOLA MUNICIPAL RUTH TALDO FRAN?A","AV. OTHON LINZ BEZERRA DE MELLO, S/N"
"12/7/2023","14:25:26","2016","2","ELEI??O ORDIN?RIA","1","220","ELEI??ES MUNICIPAIS 2016","10/2/2016","M","RJ","58491","MAG?","58491","MAG?","148","53","13","VEREADOR","28028","CLEVERSOM VIDAL RIBEIRO","4","1066","190000021834","CIEP 219 - NACAO YANOMANI  - ENY DA SILVA","RUA IRMAOS SCHNAIDER S/N"
"12/7/2023","14:25:26","2016","2","ELEI??O ORDIN?RIA","1","220","ELEI??ES MUNICIPAIS 2016","10/2/2016","M","RJ","58491","MAG?","58491","MAG?","148","15","13","VEREADOR","28028","CLEVERSOM VIDAL RIBEIRO","4","1317","190000021834","ESCOLA MUNICIIPAL AURELIANO COUTINHO","ESTRADA MUNICIPAL, S/N"
"12/7/2023","14:25:26","2016","2","ELEI??O ORDIN?RIA","1","220","ELEI??ES MUNICIPAIS 2016","10/2/2016","M","RJ","58491","MAG?","58491","MAG?","148","142","13","VEREADOR","28028","CLEVERSOM VIDAL RIBEIRO","4","1414","190000021834","ESCOLA MUNICIPAL ELZA TEIXEIRA DE PAIVA","RUA MARIA CRISTINA BURACO DA ONCA S/N"
"12/7/2023","14:25:26","2016","2","ELEI??O ORDIN?RIA","1","220","ELEI??ES MUNICIPAIS 2016","10/2/2016","M","RJ","58491","MAG?","58491","MAG?","148","100","13","VEREADOR","28028","CLEVERSOM VIDAL RIBEIRO","4","1473","190000021834","ESCOLA MUNICIPAL GERALDA IZAURA (BENITO ALEM  COZZOLINO)","SANTOS DUMONT S/N"
"12/7/2023","14:25:26","2016","2","ELEI??O ORDIN?RIA","1","220","ELEI??ES MUNICIPAIS 2016","10/2/2016","M","RJ","58491","MAG?","58491","MAG?","148","67","13","VEREADOR","28028","CLEVERSOM VIDAL RIBEIRO","4","1210","190000021834","C. E.  JOSE VERISSIMO","AV. AUTOM?VEL CLUBE"
"12/7/2023","14:25:26","2016","2","ELEI??O ORDIN?RIA","1","220","ELEI??ES MUNICIPAIS 2016","10/2/2016","M","RJ","58491","MAG?","58491","MAG?","148","136","13","VEREADOR","28028","CLEVERSOM VIDAL RIBEIRO","4","1317","190000021834","ESCOLA MUNICIIPAL AURELIANO COUTINHO","ESTRADA MUNICIPAL, S/N"
"12/7/2023","14:25:26","2016","2","ELEI??O ORDIN?RIA","1","220","ELEI??ES MUNICIPAIS 2016","10/2/2016","M","RJ","58491","MAG?","58491","MAG?","148","114","13","VEREADOR","28028","CLEVERSOM VIDAL RIBEIRO","4","1317","190000021834","ESCOLA MUNICIIPAL AURELIANO COUTINHO","ESTRADA MUNICIPAL, S/N"
"12/7/2023","14:25:26","2016","2","ELEI??O ORDIN?RIA","1","220","ELEI??ES MUNICIPAIS 2016","10/2/2016","M","RJ","58491","MAG?","58491","MAG?","148","89","13","VEREADOR","28028","CLEVERSOM VIDAL RIBEIRO","4","1317","190000021834","ESCOLA MUNICIIPAL AURELIANO COUTINHO","ESTRADA MUNICIPAL, S/N"
"12/7/2023","14:25:26","2016","2","ELEI??O ORDIN?RIA","1","220","ELEI??ES MUNICIPAIS 2016","10/2/2016","M","RJ","58491","MAG?","58491","MAG?","148","173","13","VEREADOR","28028","CLEVERSOM VIDAL RIBEIRO","4","1317","190000021834","ESCOLA MUNICIIPAL AURELIANO COUTINHO","ESTRADA MUNICIPAL, S/N"
"12/7/2023","14:25:26","2016","2","ELEI??O ORDIN?RIA","1","220","ELEI??ES MUNICIPAIS 2016","10/2/2016","M","RJ","58491","MAG?","58491","MAG?","148","255","13","VEREADOR","28028","CLEVERSOM VIDAL RIBEIRO","4","1279","190000021834","CIEP 127 - FREI ACURSIO ALUIZIO GONZAGA","RUA TREZE S/N"
"12/7/2023","14:25:26","2016","2","ELEI??O ORDIN?RIA","1","220","ELEI??ES MUNICIPAIS 2016","10/2/2016","M","RJ","58491","MAG?","58491","MAG?","148","232","13","VEREADOR","28028","CLEVERSOM VIDAL RIBEIRO","4","1678","190000021834","ESCOLA MUNICIPAL JO?O RODRIGUES","RUA MARISA PRADO, 274"
"12/7/2023","14:25:26","2016","2","ELEI??O ORDIN?RIA","1","220","ELEI??ES MUNICIPAIS 2016","10/2/2016","M","RJ","58491","MAG?","58491","MAG?","110","509","13","VEREADOR","28028","CLEVERSOM VIDAL RIBEIRO","4","2968","190000021834","COL?GIO ESTADUAL JOAQUIM LEIT?O","RUA WALDEMAR LIMA TEIXEIRA S/N - 2630 0131"
"12/7/2023","14:25:26","2016","2","ELEI??O ORDIN?RIA","1","220","ELEI??ES MUNICIPAIS 2016","10/2/2016","M","RJ","58491","MAG?","58491","MAG?","148","262","13","VEREADOR","28028","CLEVERSOM VIDAL RIBEIRO","4","1279","190000021834","CIEP 127 - FREI ACURSIO ALUIZIO GONZAGA","RUA TREZE S/N"
"12/7/2023","14:25:26","2016","2","ELEI??O ORDIN?RIA","1","220","ELEI??ES MUNICIPAIS 2016","10/2/2016","M","RJ","58491","MAG?","58491","MAG?","148","120","13","VEREADOR","28028","CLEVERSOM VIDAL RIBEIRO","4","1686","190000021834","ESCOLA MUNICIPAL GERALDA ALVES DA SILVA (RAPHAEL COZZOLINO)","RUA GUARANI, 1978"
"12/7/2023","14:25:26","2016","2","ELEI??O ORDIN?RIA","1","220","ELEI??ES MUNICIPAIS 2016","10/2/2016","M","RJ","58491","MAG?","58491","MAG?","148","58","13","VEREADOR","28028","CLEVERSOM VIDAL RIBEIRO","3","1198","190000021834","CIEP 441 - MANE GARRINCHA","RUA JOS? PEREIRA DE SOUZA S/N"
"12/7/2023","14:25:26","2016","2","ELEI??O ORDIN?RIA","1","220","ELEI??ES MUNICIPAIS 2016","10/2/2016","M","RJ","58491","MAG?","58491","MAG?","148","179","13","VEREADOR","28028","CLEVERSOM VIDAL RIBEIRO","3","1686","190000021834","ESCOLA MUNICIPAL GERALDA ALVES DA SILVA (RAPHAEL COZZOLINO)","RUA GUARANI, 1978"
"12/7/2023","14:25:26","2016","2","ELEI??O ORDIN?RIA","1","220","ELEI??ES MUNICIPAIS 2016","10/2/2016","M","RJ","58491","MAG?","58491","MAG?","148","240","13","VEREADOR","28028","CLEVERSOM VIDAL RIBEIRO","3","1686","190000021834","ESCOLA MUNICIPAL GERALDA ALVES DA SILVA (RAPHAEL COZZOLINO)","RUA GUARANI, 1978"
"12/7/2023","14:25:26","2016","2","ELEI??O ORDIN?RIA","1","220","ELEI??ES MUNICIPAIS 2016","10/2/2016","M","RJ","58491","MAG?","58491","MAG?","148","244","13","VEREADOR","28028","CLEVERSOM VIDAL RIBEIRO","3","1147","190000021834","ESCOLA MUNICIPAL MARCILIO DIAS","ESTRADA DA CACHOEIRA GRANDE S/N"
"12/7/2023","14:25:26","2016","2","ELEI??O ORDIN?RIA","1","220","ELEI??ES MUNICIPAIS 2016","10/2/2016","M","RJ","58491","MAG?","58491","MAG?","148","86","13","VEREADOR","28028","CLEVERSOM VIDAL RIBEIRO","3","1201","190000021834","ESCOLA ESTADUAL PROFESSORA ALDA BERNARDO DOS SANTOS TAVARES","RUA BRASIL, 153"
"12/7/2023","14:25:26","2016","2","ELEI??O ORDIN?RIA","1","220","ELEI??ES MUNICIPAIS 2016","10/2/2016","M","RJ","58491","MAG?","58491","MAG?","148","157","13","VEREADOR","28028","CLEVERSOM VIDAL RIBEIRO","3","1228","190000021834","ESCOLA MUNICIPAL PROFESSORA JUPIRA FERREIRA CORREA","RUA CARAMURU, 150"
"12/7/2023","14:25:26","2016","2","ELEI??O ORDIN?RIA","1","220","ELEI??ES MUNICIPAIS 2016","10/2/2016","M","RJ","58491","MAG?","58491","MAG?","148","47","13","VEREADOR","28028","CLEVERSOM VIDAL RIBEIRO","3","1147","190000021834","ESCOLA MUNICIPAL MARCILIO DIAS","ESTRADA DA CACHOEIRA GRANDE S/N"
"12/7/2023","14:25:26","2016","2","ELEI??O ORDIN?RIA","1","220","ELEI??ES MUNICIPAIS 2016","10/2/2016","M","RJ","58491","MAG?","58491","MAG?","148","104","13","VEREADOR","28028","CLEVERSOM VIDAL RIBEIRO","3","1473","190000021834","ESCOLA MUNICIPAL GERALDA IZAURA (BENITO ALEM  COZZOLINO)","SANTOS DUMONT S/N"
"12/7/2023","14:25:26","2016","2","ELEI??O ORDIN?RIA","1","220","ELEI??ES MUNICIPAIS 2016","10/2/2016","M","RJ","58491","MAG?","58491","MAG?","110","537","13","VEREADOR","28028","CLEVERSOM VIDAL RIBEIRO","3","2950","190000021834","COL?GIO ESTADUAL RUTH TALDO FRAN?A","RUA DUQUE DE CAXIAS, 65"
"12/7/2023","14:25:26","2016","2","ELEI??O ORDIN?RIA","1","220","ELEI??ES MUNICIPAIS 2016","10/2/2016","M","RJ","58491","MAG?","58491","MAG?","148","166","13","VEREADOR","28028","CLEVERSOM VIDAL RIBEIRO","3","1570","190000021834","ESCOLA MUNICIPAL RENATA FRANCO (PERGENTINA COZZOLINO)","RUA C S/N LOTEAMENTO PARAGUAI"
"12/7/2023","14:25:26","2016","2","ELEI??O ORDIN?RIA","1","220","ELEI??ES MUNICIPAIS 2016","10/2/2016","M","RJ","58491","MAG?","58491","MAG?","148","30","13","VEREADOR","28028","CLEVERSOM VIDAL RIBEIRO","3","1082","190000021834","COL?GIO ESTADUAL  PROFESSOR ALFREDO BALTHAZAR DA SILVEIRA","RUA GUARANY S/N"
"12/7/2023","14:25:26","2016","2","ELEI??O ORDIN?RIA","1","220","ELEI??ES MUNICIPAIS 2016","10/2/2016","M","RJ","58491","MAG?","58491","MAG?","148","239","13","VEREADOR","28028","CLEVERSOM VIDAL RIBEIRO","3","1279","190000021834","CIEP 127 - FREI ACURSIO ALUIZIO GONZAGA","RUA TREZE S/N"
"12/7/2023","14:25:26","2016","2","ELEI??O ORDIN?RIA","1","220","ELEI??ES MUNICIPAIS 2016","10/2/2016","M","RJ","58491","MAG?","58491","MAG?","148","225","13","VEREADOR","28028","CLEVERSOM VIDAL RIBEIRO","3","1082","190000021834","COL?GIO ESTADUAL  PROFESSOR ALFREDO BALTHAZAR DA SILVEIRA","RUA GUARANY S/N"
"12/7/2023","14:25:26","2016","2","ELEI??O ORDIN?RIA","1","220","ELEI??ES MUNICIPAIS 2016","10/2/2016","M","RJ","58491","MAG?","58491","MAG?","110","513","13","VEREADOR","28028","CLEVERSOM VIDAL RIBEIRO","3","2968","190000021834","COL?GIO ESTADUAL JOAQUIM LEIT?O","RUA WALDEMAR LIMA TEIXEIRA S/N - 2630 0131"
"12/7/2023","14:25:26","2016","2","ELEI??O ORDIN?RIA","1","220","ELEI??ES MUNICIPAIS 2016","10/2/2016","M","RJ","58491","MAG?","58491","MAG?","148","62","13","VEREADOR","28028","CLEVERSOM VIDAL RIBEIRO","3","1201","190000021834","ESCOLA ESTADUAL PROFESSORA ALDA BERNARDO DOS SANTOS TAVARES","RUA BRASIL, 153"
"12/7/2023","14:25:26","2016","2","ELEI??O ORDIN?RIA","1","220","ELEI??ES MUNICIPAIS 2016","10/2/2016","M","RJ","58491","MAG?","58491","MAG?","148","190","13","VEREADOR","28028","CLEVERSOM VIDAL RIBEIRO","3","1147","190000021834","ESCOLA MUNICIPAL MARCILIO DIAS","ESTRADA DA CACHOEIRA GRANDE S/N"
"12/7/2023","14:25:26","2016","2","ELEI??O ORDIN?RIA","1","220","ELEI??ES MUNICIPAIS 2016","10/2/2016","M","RJ","58491","MAG?","58491","MAG?","148","172","13","VEREADOR","28028","CLEVERSOM VIDAL RIBEIRO","3","1228","190000021834","ESCOLA MUNICIPAL PROFESSORA JUPIRA FERREIRA CORREA","RUA CARAMURU, 150"
"12/7/2023","14:25:26","2016","2","ELEI??O ORDIN?RIA","1","220","ELEI??ES MUNICIPAIS 2016","10/2/2016","M","RJ","58491","MAG?","58491","MAG?","148","85","13","VEREADOR","28028","CLEVERSOM VIDAL RIBEIRO","3","1201","190000021834","ESCOLA ESTADUAL PROFESSORA ALDA BERNARDO DOS SANTOS TAVARES","RUA BRASIL, 153"
"12/7/2023","14:25:26","2016","2","ELEI??O ORDIN?RIA","1","220","ELEI??ES MUNICIPAIS 2016","10/2/2016","M","RJ","58491","MAG?","58491","MAG?","148","60","13","VEREADOR","28028","CLEVERSOM VIDAL RIBEIRO","3","1201","190000021834","ESCOLA ESTADUAL PROFESSORA ALDA BERNARDO DOS SANTOS TAVARES","RUA BRASIL, 153"
"12/7/2023","14:25:26","2016","2","ELEI??O ORDIN?RIA","1","220","ELEI??ES MUNICIPAIS 2016","10/2/2016","M","RJ","58491","MAG?","58491","MAG?","148","90","13","VEREADOR","28028","CLEVERSOM VIDAL RIBEIRO","3","1317","190000021834","ESCOLA MUNICIIPAL AURELIANO COUTINHO","ESTRADA MUNICIPAL, S/N"
"12/7/2023","14:25:26","2016","2","ELEI??O ORDIN?RIA","1","220","ELEI??ES MUNICIPAIS 2016","10/2/2016","M","RJ","58491","MAG?","58491","MAG?","148","226","13","VEREADOR","28028","CLEVERSOM VIDAL RIBEIRO","3","1198","190000021834","CIEP 441 - MANE GARRINCHA","RUA JOS? PEREIRA DE SOUZA S/N"
"12/7/2023","14:25:26","2016","2","ELEI??O ORDIN?RIA","1","220","ELEI??ES MUNICIPAIS 2016","10/2/2016","M","RJ","58491","MAG?","58491","MAG?","148","168","13","VEREADOR","28028","CLEVERSOM VIDAL RIBEIRO","3","1686","190000021834","ESCOLA MUNICIPAL GERALDA ALVES DA SILVA (RAPHAEL COZZOLINO)","RUA GUARANI, 1978"
"12/7/2023","14:25:26","2016","2","ELEI??O ORDIN?RIA","1","220","ELEI??ES MUNICIPAIS 2016","10/2/2016","M","RJ","58491","MAG?","58491","MAG?","110","499","13","VEREADOR","28028","CLEVERSOM VIDAL RIBEIRO","3","2976","190000021834","ESCOLA MUNICIPAL EVANIR DA SILVA GAGO","RUA 8 DE MAIO, 163"
"12/7/2023","14:25:26","2016","2","ELEI??O ORDIN?RIA","1","220","ELEI??ES MUNICIPAIS 2016","10/2/2016","M","RJ","58491","MAG?","58491","MAG?","148","141","13","VEREADOR","28028","CLEVERSOM VIDAL RIBEIRO","3","1198","190000021834","CIEP 441 - MANE GARRINCHA","RUA JOS? PEREIRA DE SOUZA S/N"
"12/7/2023","14:25:26","2016","2","ELEI??O ORDIN?RIA","1","220","ELEI??ES MUNICIPAIS 2016","10/2/2016","M","RJ","58491","MAG?","58491","MAG?","148","196","13","VEREADOR","28028","CLEVERSOM VIDAL RIBEIRO","3","1570","190000021834","ESCOLA MUNICIPAL RENATA FRANCO (PERGENTINA COZZOLINO)","RUA C S/N LOTEAMENTO PARAGUAI"
"12/7/2023","14:25:26","2016","2","ELEI??O ORDIN?RIA","1","220","ELEI??ES MUNICIPAIS 2016","10/2/2016","M","RJ","58491","MAG?","58491","MAG?","148","140","13","VEREADOR","28028","CLEVERSOM VIDAL RIBEIRO","3","1414","190000021834","ESCOLA MUNICIPAL ELZA TEIXEIRA DE PAIVA","RUA MARIA CRISTINA BURACO DA ONCA S/N"
"12/7/2023","14:25:26","2016","2","ELEI??O ORDIN?RIA","1","220","ELEI??ES MUNICIPAIS 2016","10/2/2016","M","RJ","58491","MAG?","58491","MAG?","148","43","13","VEREADOR","28028","CLEVERSOM VIDAL RIBEIRO","3","1210","190000021834","C. E.  JOSE VERISSIMO","AV. AUTOM?VEL CLUBE"
"12/7/2023","14:25:26","2016","2","ELEI??O ORDIN?RIA","1","220","ELEI??ES MUNICIPAIS 2016","10/2/2016","M","RJ","58491","MAG?","58491","MAG?","148","77","13","VEREADOR","28028","CLEVERSOM VIDAL RIBEIRO","3","1082","190000021834","COL?GIO ESTADUAL  PROFESSOR ALFREDO BALTHAZAR DA SILVEIRA","RUA GUARANY S/N"
"12/7/2023","14:25:26","2016","2","ELEI??O ORDIN?RIA","1","220","ELEI??ES MUNICIPAIS 2016","10/2/2016","M","RJ","58491","MAG?","58491","MAG?","148","138","13","VEREADOR","28028","CLEVERSOM VIDAL RIBEIRO","3","1414","190000021834","ESCOLA MUNICIPAL ELZA TEIXEIRA DE PAIVA","RUA MARIA CRISTINA BURACO DA ONCA S/N"
"12/7/2023","14:25:26","2016","2","ELEI??O ORDIN?RIA","1","220","ELEI??ES MUNICIPAIS 2016","10/2/2016","M","RJ","58491","MAG?","58491","MAG?","148","45","13","VEREADOR","28028","CLEVERSOM VIDAL RIBEIRO","3","1139","190000021834","ESCOLA MUNICIPAL PROFESSORA ROSENI DOS SANTOS SILVA","RUA JOAQUIM TOMAZ 90 PONTE PRETA"
"12/7/2023","14:25:26","2016","2","ELEI??O ORDIN?RIA","1","220","ELEI??ES MUNICIPAIS 2016","10/2/2016","M","RJ","58491","MAG?","58491","MAG?","148","215","13","VEREADOR","28028","CLEVERSOM VIDAL RIBEIRO","3","1210","190000021834","C. E.  JOSE VERISSIMO","AV. AUTOM?VEL CLUBE"
"12/7/2023","14:25:26","2016","2","ELEI??O ORDIN?RIA","1","220","ELEI??ES MUNICIPAIS 2016","10/2/2016","M","RJ","58491","MAG?","58491","MAG?","110","516","13","VEREADOR","28028","CLEVERSOM VIDAL RIBEIRO","3","2976","190000021834","ESCOLA MUNICIPAL EVANIR DA SILVA GAGO","RUA 8 DE MAIO, 163"
"12/7/2023","14:25:26","2016","2","ELEI??O ORDIN?RIA","1","220","ELEI??ES MUNICIPAIS 2016","10/2/2016","M","RJ","58491","MAG?","58491","MAG?","148","188","13","VEREADOR","28028","CLEVERSOM VIDAL RIBEIRO","2","1686","190000021834","ESCOLA MUNICIPAL GERALDA ALVES DA SILVA (RAPHAEL COZZOLINO)","RUA GUARANI, 1978"
"12/7/2023","14:25:26","2016","2","ELEI??O ORDIN?RIA","1","220","ELEI??ES MUNICIPAIS 2016","10/2/2016","M","RJ","58491","MAG?","58491","MAG?","148","171","13","VEREADOR","28028","CLEVERSOM VIDAL RIBEIRO","2","1082","190000021834","COL?GIO ESTADUAL  PROFESSOR ALFREDO BALTHAZAR DA SILVEIRA","RUA GUARANY S/N"
"12/7/2023","14:25:26","2016","2","ELEI??O ORDIN?RIA","1","220","ELEI??ES MUNICIPAIS 2016","10/2/2016","M","RJ","58491","MAG?","58491","MAG?","148","162","13","VEREADOR","28028","CLEVERSOM VIDAL RIBEIRO","2","1376","190000021834","PRIMEIRA IGREJA BATISTA DE PIABETA","RUA BRASIL 235"
"12/7/2023","14:25:26","2016","2","ELEI??O ORDIN?RIA","1","220","ELEI??ES MUNICIPAIS 2016","10/2/2016","M","RJ","58491","MAG?","58491","MAG?","110","511","13","VEREADOR","28028","CLEVERSOM VIDAL RIBEIRO","2","2968","190000021834","COL?GIO ESTADUAL JOAQUIM LEIT?O","RUA WALDEMAR LIMA TEIXEIRA S/N - 2630 0131"
"12/7/2023","14:25:26","2016","2","ELEI??O ORDIN?RIA","1","220","ELEI??ES MUNICIPAIS 2016","10/2/2016","M","RJ","58491","MAG?","58491","MAG?","148","93","13","VEREADOR","28028","CLEVERSOM VIDAL RIBEIRO","2","1279","190000021834","CIEP 127 - FREI ACURSIO ALUIZIO GONZAGA","RUA TREZE S/N"
"12/7/2023","14:25:26","2016","2","ELEI??O ORDIN?RIA","1","220","ELEI??ES MUNICIPAIS 2016","10/2/2016","M","RJ","58491","MAG?","58491","MAG?","148","180","13","VEREADOR","28028","CLEVERSOM VIDAL RIBEIRO","2","1279","190000021834","CIEP 127 - FREI ACURSIO ALUIZIO GONZAGA","RUA TREZE S/N"
"12/7/2023","14:25:26","2016","2","ELEI??O ORDIN?RIA","1","220","ELEI??ES MUNICIPAIS 2016","10/2/2016","M","RJ","58491","MAG?","58491","MAG?","148","71","13","VEREADOR","28028","CLEVERSOM VIDAL RIBEIRO","2","1210","190000021834","C. E.  JOSE VERISSIMO","AV. AUTOM?VEL CLUBE"
"12/7/2023","14:25:26","2016","2","ELEI??O ORDIN?RIA","1","220","ELEI??ES MUNICIPAIS 2016","10/2/2016","M","RJ","58491","MAG?","58491","MAG?","148","97","13","VEREADOR","28028","CLEVERSOM VIDAL RIBEIRO","2","1279","190000021834","CIEP 127 - FREI ACURSIO ALUIZIO GONZAGA","RUA TREZE S/N"
"12/7/2023","14:25:26","2016","2","ELEI??O ORDIN?RIA","1","220","ELEI??ES MUNICIPAIS 2016","10/2/2016","M","RJ","58491","MAG?","58491","MAG?","148","159","13","VEREADOR","28028","CLEVERSOM VIDAL RIBEIRO","2","1546","190000021834","ESCOLA MUNICIPAL PROFESSORA ALICE DA SILVA S. DE PAIVA","RUA C QD 6 LT 4"
"12/7/2023","14:25:26","2016","2","ELEI??O ORDIN?RIA","1","220","ELEI??ES MUNICIPAIS 2016","10/2/2016","M","RJ","58491","MAG?","58491","MAG?","148","147","13","VEREADOR","28028","CLEVERSOM VIDAL RIBEIRO","2","1686","190000021834","ESCOLA MUNICIPAL GERALDA ALVES DA SILVA (RAPHAEL COZZOLINO)","RUA GUARANI, 1978"
"12/7/2023","14:25:26","2016","2","ELEI??O ORDIN?RIA","1","220","ELEI??ES MUNICIPAIS 2016","10/2/2016","M","RJ","58491","MAG?","58491","MAG?","148","237","13","VEREADOR","28028","CLEVERSOM VIDAL RIBEIRO","2","1279","190000021834","CIEP 127 - FREI ACURSIO ALUIZIO GONZAGA","RUA TREZE S/N"
"12/7/2023","14:25:26","2016","2","ELEI??O ORDIN?RIA","1","220","ELEI??ES MUNICIPAIS 2016","10/2/2016","M","RJ","58491","MAG?","58491","MAG?","148","207","13","VEREADOR","28028","CLEVERSOM VIDAL RIBEIRO","2","1414","190000021834","ESCOLA MUNICIPAL ELZA TEIXEIRA DE PAIVA","RUA MARIA CRISTINA BURACO DA ONCA S/N"
"12/7/2023","14:25:26","2016","2","ELEI??O ORDIN?RIA","1","220","ELEI??ES MUNICIPAIS 2016","10/2/2016","M","RJ","58491","MAG?","58491","MAG?","148","116","13","VEREADOR","28028","CLEVERSOM VIDAL RIBEIRO","2","1376","190000021834","PRIMEIRA IGREJA BATISTA DE PIABETA","RUA BRASIL 235"
"12/7/2023","14:25:26","2016","2","ELEI??O ORDIN?RIA","1","220","ELEI??ES MUNICIPAIS 2016","10/2/2016","M","RJ","58491","MAG?","58491","MAG?","148","160","13","VEREADOR","28028","CLEVERSOM VIDAL RIBEIRO","2","1376","190000021834","PRIMEIRA IGREJA BATISTA DE PIABETA","RUA BRASIL 235"
"12/7/2023","14:25:26","2016","2","ELEI??O ORDIN?RIA","1","220","ELEI??ES MUNICIPAIS 2016","10/2/2016","M","RJ","58491","MAG?","58491","MAG?","110","494","13","VEREADOR","28028","CLEVERSOM VIDAL RIBEIRO","2","2917","190000021834","ESCOLA MUNICIPAL ANAYDE DE MELO GUIMAR?ES","ESTRADA MUNICIPAL ANTONIO ALLEM BERGARA, 525"
"12/7/2023","14:25:26","2016","2","ELEI??O ORDIN?RIA","1","220","ELEI??ES MUNICIPAIS 2016","10/2/2016","M","RJ","58491","MAG?","58491","MAG?","148","256","13","VEREADOR","28028","CLEVERSOM VIDAL RIBEIRO","2","1139","190000021834","ESCOLA MUNICIPAL PROFESSORA ROSENI DOS SANTOS SILVA","RUA JOAQUIM TOMAZ 90 PONTE PRETA"
"12/7/2023","14:25:26","2016","2","ELEI??O ORDIN?RIA","1","220","ELEI??ES MUNICIPAIS 2016","10/2/2016","M","RJ","58491","MAG?","58491","MAG?","110","490","13","VEREADOR","28028","CLEVERSOM VIDAL RIBEIRO","2","2909","190000021834","ESCOLA MUNICIPAL FRANCISCO RONDINELLI","RUA ITAMBI, S/N"
"12/7/2023","14:25:26","2016","2","ELEI??O ORDIN?RIA","1","220","ELEI??ES MUNICIPAIS 2016","10/2/2016","M","RJ","58491","MAG?","58491","MAG?","110","507","13","VEREADOR","28028","CLEVERSOM VIDAL RIBEIRO","2","2968","190000021834","COL?GIO ESTADUAL JOAQUIM LEIT?O","RUA WALDEMAR LIMA TEIXEIRA S/N - 2630 0131"
"12/7/2023","14:25:26","2016","2","ELEI??O ORDIN?RIA","1","220","ELEI??ES MUNICIPAIS 2016","10/2/2016","M","RJ","58491","MAG?","58491","MAG?","148","218","13","VEREADOR","28028","CLEVERSOM VIDAL RIBEIRO","2","1546","190000021834","ESCOLA MUNICIPAL PROFESSORA ALICE DA SILVA S. DE PAIVA","RUA C QD 6 LT 4"
"12/7/2023","14:25:26","2016","2","ELEI??O ORDIN?RIA","1","220","ELEI??ES MUNICIPAIS 2016","10/2/2016","M","RJ","58491","MAG?","58491","MAG?","148","16","13","VEREADOR","28028","CLEVERSOM VIDAL RIBEIRO","2","1317","190000021834","ESCOLA MUNICIIPAL AURELIANO COUTINHO","ESTRADA MUNICIPAL, S/N"
"12/7/2023","14:25:26","2016","2","ELEI??O ORDIN?RIA","1","220","ELEI??ES MUNICIPAIS 2016","10/2/2016","M","RJ","58491","MAG?","58491","MAG?","110","528","13","VEREADOR","28028","CLEVERSOM VIDAL RIBEIRO","2","3000","190000021834","ESCOLA MUNICIPAL RUTH TALDO FRAN?A","AV. OTHON LINZ BEZERRA DE MELLO, S/N"
"12/7/2023","14:25:26","2016","2","ELEI??O ORDIN?RIA","1","220","ELEI??ES MUNICIPAIS 2016","10/2/2016","M","RJ","58491","MAG?","58491","MAG?","148","261","13","VEREADOR","28028","CLEVERSOM VIDAL RIBEIRO","2","1686","190000021834","ESCOLA MUNICIPAL GERALDA ALVES DA SILVA (RAPHAEL COZZOLINO)","RUA GUARANI, 1978"
"12/7/2023","14:25:26","2016","2","ELEI??O ORDIN?RIA","1","220","ELEI??ES MUNICIPAIS 2016","10/2/2016","M","RJ","58491","MAG?","58491","MAG?","148","221","13","VEREADOR","28028","CLEVERSOM VIDAL RIBEIRO","2","1198","190000021834","CIEP 441 - MANE GARRINCHA","RUA JOS? PEREIRA DE SOUZA S/N"
"12/7/2023","14:25:26","2016","2","ELEI??O ORDIN?RIA","1","220","ELEI??ES MUNICIPAIS 2016","10/2/2016","M","RJ","58491","MAG?","58491","MAG?","148","155","13","VEREADOR","28028","CLEVERSOM VIDAL RIBEIRO","2","1210","190000021834","C. E.  JOSE VERISSIMO","AV. AUTOM?VEL CLUBE"
"12/7/2023","14:25:26","2016","2","ELEI??O ORDIN?RIA","1","220","ELEI??ES MUNICIPAIS 2016","10/2/2016","M","RJ","58491","MAG?","58491","MAG?","148","146","13","VEREADOR","28028","CLEVERSOM VIDAL RIBEIRO","2","1457","190000021834","ESCOLA MUNICIPAL PROFESSOR DANIEL SOARES SILVA (MARIA T. COZZOLINO)","AV. AUTOMOVEL CLUBE KM 59 N. 745"
"12/7/2023","14:25:26","2016","2","ELEI??O ORDIN?RIA","1","220","ELEI??ES MUNICIPAIS 2016","10/2/2016","M","RJ","58491","MAG?","58491","MAG?","148","144","13","VEREADOR","28028","CLEVERSOM VIDAL RIBEIRO","2","1457","190000021834","ESCOLA MUNICIPAL PROFESSOR DANIEL SOARES SILVA (MARIA T. COZZOLINO)","AV. AUTOMOVEL CLUBE KM 59 N. 745"
"12/7/2023","14:25:26","2016","2","ELEI??O ORDIN?RIA","1","220","ELEI??ES MUNICIPAIS 2016","10/2/2016","M","RJ","58491","MAG?","58491","MAG?","148","250","13","VEREADOR","28028","CLEVERSOM VIDAL RIBEIRO","2","1201","190000021834","ESCOLA ESTADUAL PROFESSORA ALDA BERNARDO DOS SANTOS TAVARES","RUA BRASIL, 153"
"12/7/2023","14:25:26","2016","2","ELEI??O ORDIN?RIA","1","220","ELEI??ES MUNICIPAIS 2016","10/2/2016","M","RJ","58491","MAG?","58491","MAG?","148","127","13","VEREADOR","28028","CLEVERSOM VIDAL RIBEIRO","2","1376","190000021834","PRIMEIRA IGREJA BATISTA DE PIABETA","RUA BRASIL 235"
"12/7/2023","14:25:26","2016","2","ELEI??O ORDIN?RIA","1","220","ELEI??ES MUNICIPAIS 2016","10/2/2016","M","RJ","58491","MAG?","58491","MAG?","148","68","13","VEREADOR","28028","CLEVERSOM VIDAL RIBEIRO","2","1210","190000021834","C. E.  JOSE VERISSIMO","AV. AUTOM?VEL CLUBE"
"12/7/2023","14:25:26","2016","2","ELEI??O ORDIN?RIA","1","220","ELEI??ES MUNICIPAIS 2016","10/2/2016","M","RJ","58491","MAG?","58491","MAG?","110","501","13","VEREADOR","28028","CLEVERSOM VIDAL RIBEIRO","2","2950","190000021834","COL?GIO ESTADUAL RUTH TALDO FRAN?A","RUA DUQUE DE CAXIAS, 65"
"12/7/2023","14:25:26","2016","2","ELEI??O ORDIN?RIA","1","220","ELEI??ES MUNICIPAIS 2016","10/2/2016","M","RJ","58491","MAG?","58491","MAG?","148","52","13","VEREADOR","28028","CLEVERSOM VIDAL RIBEIRO","2","1066","190000021834","CIEP 219 - NACAO YANOMANI  - ENY DA SILVA","RUA IRMAOS SCHNAIDER S/N"
"12/7/2023","14:25:26","2016","2","ELEI??O ORDIN?RIA","1","220","ELEI??ES MUNICIPAIS 2016","10/2/2016","M","RJ","58491","MAG?","58491","MAG?","148","267","13","VEREADOR","28028","CLEVERSOM VIDAL RIBEIRO","2","1201","190000021834","ESCOLA ESTADUAL PROFESSORA ALDA BERNARDO DOS SANTOS TAVARES","RUA BRASIL, 153"
"12/7/2023","14:25:26","2016","2","ELEI??O ORDIN?RIA","1","220","ELEI??ES MUNICIPAIS 2016","10/2/2016","M","RJ","58491","MAG?","58491","MAG?","148","46","13","VEREADOR","28028","CLEVERSOM VIDAL RIBEIRO","2","1147","190000021834","ESCOLA MUNICIPAL MARCILIO DIAS","ESTRADA DA CACHOEIRA GRANDE S/N"
"12/7/2023","14:25:26","2016","2","ELEI??O ORDIN?RIA","1","220","ELEI??ES MUNICIPAIS 2016","10/2/2016","M","RJ","58491","MAG?","58491","MAG?","148","110","13","VEREADOR","28028","CLEVERSOM VIDAL RIBEIRO","2","1686","190000021834","ESCOLA MUNICIPAL GERALDA ALVES DA SILVA (RAPHAEL COZZOLINO)","RUA GUARANI, 1978"
"12/7/2023","14:25:26","2016","2","ELEI??O ORDIN?RIA","1","220","ELEI??ES MUNICIPAIS 2016","10/2/2016","M","RJ","58491","MAG?","58491","MAG?","148","61","13","VEREADOR","28028","CLEVERSOM VIDAL RIBEIRO","2","1201","190000021834","ESCOLA ESTADUAL PROFESSORA ALDA BERNARDO DOS SANTOS TAVARES","RUA BRASIL, 153"
"12/7/2023","14:25:26","2016","2","ELEI??O ORDIN?RIA","1","220","ELEI??ES MUNICIPAIS 2016","10/2/2016","M","RJ","58491","MAG?","58491","MAG?","148","12","13","VEREADOR","28028","CLEVERSOM VIDAL RIBEIRO","2","1376","190000021834","PRIMEIRA IGREJA BATISTA DE PIABETA","RUA BRASIL 235"
"12/7/2023","14:25:26","2016","2","ELEI??O ORDIN?RIA","1","220","ELEI??ES MUNICIPAIS 2016","10/2/2016","M","RJ","58491","MAG?","58491","MAG?","148","209","13","VEREADOR","28028","CLEVERSOM VIDAL RIBEIRO","2","1201","190000021834","ESCOLA ESTADUAL PROFESSORA ALDA BERNARDO DOS SANTOS TAVARES","RUA BRASIL, 153"
"12/7/2023","14:25:26","2016","2","ELEI??O ORDIN?RIA","1","220","ELEI??ES MUNICIPAIS 2016","10/2/2016","M","RJ","58491","MAG?","58491","MAG?","148","264","13","VEREADOR","28028","CLEVERSOM VIDAL RIBEIRO","2","1066","190000021834","CIEP 219 - NACAO YANOMANI  - ENY DA SILVA","RUA IRMAOS SCHNAIDER S/N"
"12/7/2023","14:25:26","2016","2","ELEI??O ORDIN?RIA","1","220","ELEI??ES MUNICIPAIS 2016","10/2/2016","M","RJ","58491","MAG?","58491","MAG?","110","237","13","VEREADOR","28028","CLEVERSOM VIDAL RIBEIRO","2","1503","190000021834","ESCOLA MUNICIPAL COVANCA","RUA DIRON TORRES PAIVA 282"
"12/7/2023","14:25:26","2016","2","ELEI??O ORDIN?RIA","1","220","ELEI??ES MUNICIPAIS 2016","10/2/2016","M","RJ","58491","MAG?","58491","MAG?","148","145","13","VEREADOR","28028","CLEVERSOM VIDAL RIBEIRO","2","1457","190000021834","ESCOLA MUNICIPAL PROFESSOR DANIEL SOARES SILVA (MARIA T. COZZOLINO)","AV. AUTOMOVEL CLUBE KM 59 N. 745"
"12/7/2023","14:25:26","2016","2","ELEI??O ORDIN?RIA","1","220","ELEI??ES MUNICIPAIS 2016","10/2/2016","M","RJ","58491","MAG?","58491","MAG?","148","33","13","VEREADOR","28028","CLEVERSOM VIDAL RIBEIRO","2","1082","190000021834","COL?GIO ESTADUAL  PROFESSOR ALFREDO BALTHAZAR DA SILVEIRA","RUA GUARANY S/N"
"12/7/2023","14:25:26","2016","2","ELEI??O ORDIN?RIA","1","220","ELEI??ES MUNICIPAIS 2016","10/2/2016","M","RJ","58491","MAG?","58491","MAG?","148","208","13","VEREADOR","28028","CLEVERSOM VIDAL RIBEIRO","2","1414","190000021834","ESCOLA MUNICIPAL ELZA TEIXEIRA DE PAIVA","RUA MARIA CRISTINA BURACO DA ONCA S/N"
"12/7/2023","14:25:26","2016","2","ELEI??O ORDIN?RIA","1","220","ELEI??ES MUNICIPAIS 2016","10/2/2016","M","RJ","58491","MAG?","58491","MAG?","148","211","13","VEREADOR","28028","CLEVERSOM VIDAL RIBEIRO","2","1066","190000021834","CIEP 219 - NACAO YANOMANI  - ENY DA SILVA","RUA IRMAOS SCHNAIDER S/N"
"12/7/2023","14:25:26","2016","2","ELEI??O ORDIN?RIA","1","220","ELEI??ES MUNICIPAIS 2016","10/2/2016","M","RJ","58491","MAG?","58491","MAG?","110","506","13","VEREADOR","28028","CLEVERSOM VIDAL RIBEIRO","2","2968","190000021834","COL?GIO ESTADUAL JOAQUIM LEIT?O","RUA WALDEMAR LIMA TEIXEIRA S/N - 2630 0131"
"12/7/2023","14:25:26","2016","2","ELEI??O ORDIN?RIA","1","220","ELEI??ES MUNICIPAIS 2016","10/2/2016","M","RJ","58491","MAG?","58491","MAG?","148","98","13","VEREADOR","28028","CLEVERSOM VIDAL RIBEIRO","2","1279","190000021834","CIEP 127 - FREI ACURSIO ALUIZIO GONZAGA","RUA TREZE S/N"
"12/7/2023","14:25:26","2016","2","ELEI??O ORDIN?RIA","1","220","ELEI??ES MUNICIPAIS 2016","10/2/2016","M","RJ","58491","MAG?","58491","MAG?","148","95","13","VEREADOR","28028","CLEVERSOM VIDAL RIBEIRO","2","1279","190000021834","CIEP 127 - FREI ACURSIO ALUIZIO GONZAGA","RUA TREZE S/N"
"12/7/2023","14:25:26","2016","2","ELEI??O ORDIN?RIA","1","220","ELEI??ES MUNICIPAIS 2016","10/2/2016","M","RJ","58491","MAG?","58491","MAG?","148","154","13","VEREADOR","28028","CLEVERSOM VIDAL RIBEIRO","2","1198","190000021834","CIEP 441 - MANE GARRINCHA","RUA JOS? PEREIRA DE SOUZA S/N"
"12/7/2023","14:25:26","2016","2","ELEI??O ORDIN?RIA","1","220","ELEI??ES MUNICIPAIS 2016","10/2/2016","M","RJ","58491","MAG?","58491","MAG?","148","205","13","VEREADOR","28028","CLEVERSOM VIDAL RIBEIRO","2","1210","190000021834","C. E.  JOSE VERISSIMO","AV. AUTOM?VEL CLUBE"
"12/7/2023","14:25:26","2016","2","ELEI??O ORDIN?RIA","1","220","ELEI??ES MUNICIPAIS 2016","10/2/2016","M","RJ","58491","MAG?","58491","MAG?","110","334","13","VEREADOR","28028","CLEVERSOM VIDAL RIBEIRO","2","2410","190000021834","ESCOLA MUNICIPAL DINORAH SANTOS BASTOS","ESTRADA DA CONCEICAO S/N"
"12/7/2023","14:25:26","2016","2","ELEI??O ORDIN?RIA","1","220","ELEI??ES MUNICIPAIS 2016","10/2/2016","M","RJ","58491","MAG?","58491","MAG?","148","235","13","VEREADOR","28028","CLEVERSOM VIDAL RIBEIRO","2","1678","190000021834","ESCOLA MUNICIPAL JO?O RODRIGUES","RUA MARISA PRADO, 274"
"12/7/2023","14:25:26","2016","2","ELEI??O ORDIN?RIA","1","220","ELEI??ES MUNICIPAIS 2016","10/2/2016","M","RJ","58491","MAG?","58491","MAG?","148","263","13","VEREADOR","28028","CLEVERSOM VIDAL RIBEIRO","2","1376","190000021834","PRIMEIRA IGREJA BATISTA DE PIABETA","RUA BRASIL 235"
"12/7/2023","14:25:26","2016","2","ELEI??O ORDIN?RIA","1","220","ELEI??ES MUNICIPAIS 2016","10/2/2016","M","RJ","58491","MAG?","58491","MAG?","148","126","13","VEREADOR","28028","CLEVERSOM VIDAL RIBEIRO","2","1376","190000021834","PRIMEIRA IGREJA BATISTA DE PIABETA","RUA BRASIL 235"
"12/7/2023","14:25:26","2016","2","ELEI??O ORDIN?RIA","1","220","ELEI??ES MUNICIPAIS 2016","10/2/2016","M","RJ","58491","MAG?","58491","MAG?","148","187","13","VEREADOR","28028","CLEVERSOM VIDAL RIBEIRO","2","1589","190000021834","ESCOLA MUNICIPAL PROFESSOR GISNEI CAMARA","RUA ARISTIDES PORTUGAL 353"
"12/7/2023","14:25:26","2016","2","ELEI??O ORDIN?RIA","1","220","ELEI??ES MUNICIPAIS 2016","10/2/2016","M","RJ","58491","MAG?","58491","MAG?","110","41","13","VEREADOR","28028","CLEVERSOM VIDAL RIBEIRO","2","1074","190000021834","CIEP 128","RUA JO?O VAL?RIO S/N"
"12/7/2023","14:25:26","2016","2","ELEI??O ORDIN?RIA","1","220","ELEI??ES MUNICIPAIS 2016","10/2/2016","M","RJ","58491","MAG?","58491","MAG?","148","222","13","VEREADOR","28028","CLEVERSOM VIDAL RIBEIRO","1","1457","190000021834","ESCOLA MUNICIPAL PROFESSOR DANIEL SOARES SILVA (MARIA T. COZZOLINO)","AV. AUTOMOVEL CLUBE KM 59 N. 745"
"12/7/2023","14:25:26","2016","2","ELEI??O ORDIN?RIA","1","220","ELEI??ES MUNICIPAIS 2016","10/2/2016","M","RJ","58491","MAG?","58491","MAG?","148","252","13","VEREADOR","28028","CLEVERSOM VIDAL RIBEIRO","1","1155","190000021834","ESCOLA MUNICIPAL TIRADENTES (ERNESTO COZZOLINO)","RUA 11 DE JULHO S/N"
"12/7/2023","14:25:26","2016","2","ELEI??O ORDIN?RIA","1","220","ELEI??ES MUNICIPAIS 2016","10/2/2016","M","RJ","58491","MAG?","58491","MAG?","110","24","13","VEREADOR","28028","CLEVERSOM VIDAL RIBEIRO","1","1090","190000021834","CRECHE MUNICIPAL LUIZA VIEIRA","AV. 1 SN"
"12/7/2023","14:25:26","2016","2","ELEI??O ORDIN?RIA","1","220","ELEI??ES MUNICIPAIS 2016","10/2/2016","M","RJ","58491","MAG?","58491","MAG?","148","169","13","VEREADOR","28028","CLEVERSOM VIDAL RIBEIRO","1","1376","190000021834","PRIMEIRA IGREJA BATISTA DE PIABETA","RUA BRASIL 235"
"12/7/2023","14:25:26","2016","2","ELEI??O ORDIN?RIA","1","220","ELEI??ES MUNICIPAIS 2016","10/2/2016","M","RJ","58491","MAG?","58491","MAG?","110","28","13","VEREADOR","28028","CLEVERSOM VIDAL RIBEIRO","1","1112","190000021834","ESCOLA MUNICIPAL NOEMIA TEIXEIRA","AVENIDA ROTARY CLUBE, S/N"
"12/7/2023","14:25:26","2016","2","ELEI??O ORDIN?RIA","1","220","ELEI??ES MUNICIPAIS 2016","10/2/2016","M","RJ","58491","MAG?","58491","MAG?","148","44","13","VEREADOR","28028","CLEVERSOM VIDAL RIBEIRO","1","1139","190000021834","ESCOLA MUNICIPAL PROFESSORA ROSENI DOS SANTOS SILVA","RUA JOAQUIM TOMAZ 90 PONTE PRETA"
"12/7/2023","14:25:26","2016","2","ELEI??O ORDIN?RIA","1","220","ELEI??ES MUNICIPAIS 2016","10/2/2016","M","RJ","58491","MAG?","58491","MAG?","148","135","13","VEREADOR","28028","CLEVERSOM VIDAL RIBEIRO","1","1317","190000021834","ESCOLA MUNICIIPAL AURELIANO COUTINHO","ESTRADA MUNICIPAL, S/N"
"12/7/2023","14:25:26","2016","2","ELEI??O ORDIN?RIA","1","220","ELEI??ES MUNICIPAIS 2016","10/2/2016","M","RJ","58491","MAG?","58491","MAG?","148","269","13","VEREADOR","28028","CLEVERSOM VIDAL RIBEIRO","1","1473","190000021834","ESCOLA MUNICIPAL GERALDA IZAURA (BENITO ALEM  COZZOLINO)","SANTOS DUMONT S/N"
"12/7/2023","14:25:26","2016","2","ELEI??O ORDIN?RIA","1","220","ELEI??ES MUNICIPAIS 2016","10/2/2016","M","RJ","58491","MAG?","58491","MAG?","110","491","13","VEREADOR","28028","CLEVERSOM VIDAL RIBEIRO","1","2909","190000021834","ESCOLA MUNICIPAL FRANCISCO RONDINELLI","RUA ITAMBI, S/N"
"12/7/2023","14:25:26","2016","2","ELEI??O ORDIN?RIA","1","220","ELEI??ES MUNICIPAIS 2016","10/2/2016","M","RJ","58491","MAG?","58491","MAG?","148","178","13","VEREADOR","28028","CLEVERSOM VIDAL RIBEIRO","1","1376","190000021834","PRIMEIRA IGREJA BATISTA DE PIABETA","RUA BRASIL 235"
"12/7/2023","14:25:26","2016","2","ELEI??O ORDIN?RIA","1","220","ELEI??ES MUNICIPAIS 2016","10/2/2016","M","RJ","58491","MAG?","58491","MAG?","110","510","13","VEREADOR","28028","CLEVERSOM VIDAL RIBEIRO","1","2968","190000021834","COL?GIO ESTADUAL JOAQUIM LEIT?O","RUA WALDEMAR LIMA TEIXEIRA S/N - 2630 0131"
"12/7/2023","14:25:26","2016","2","ELEI??O ORDIN?RIA","1","220","ELEI??ES MUNICIPAIS 2016","10/2/2016","M","RJ","58491","MAG?","58491","MAG?","148","54","13","VEREADOR","28028","CLEVERSOM VIDAL RIBEIRO","1","1198","190000021834","CIEP 441 - MANE GARRINCHA","RUA JOS? PEREIRA DE SOUZA S/N"
"12/7/2023","14:25:26","2016","2","ELEI??O ORDIN?RIA","1","220","ELEI??ES MUNICIPAIS 2016","10/2/2016","M","RJ","58491","MAG?","58491","MAG?","148","56","13","VEREADOR","28028","CLEVERSOM VIDAL RIBEIRO","1","1210","190000021834","C. E.  JOSE VERISSIMO","AV. AUTOM?VEL CLUBE"
"12/7/2023","14:25:26","2016","2","ELEI??O ORDIN?RIA","1","220","ELEI??ES MUNICIPAIS 2016","10/2/2016","M","RJ","58491","MAG?","58491","MAG?","148","20","13","VEREADOR","28028","CLEVERSOM VIDAL RIBEIRO","1","1066","190000021834","CIEP 219 - NACAO YANOMANI  - ENY DA SILVA","RUA IRMAOS SCHNAIDER S/N"
"12/7/2023","14:25:26","2016","2","ELEI??O ORDIN?RIA","1","220","ELEI??ES MUNICIPAIS 2016","10/2/2016","M","RJ","58491","MAG?","58491","MAG?","110","30","13","VEREADOR","28028","CLEVERSOM VIDAL RIBEIRO","1","1120","190000021834","ESCOLA ESTADUAL VISCONDE DE SEPETIBA","RUA PREFEITO ULLMAN"
"12/7/2023","14:25:26","2016","2","ELEI??O ORDIN?RIA","1","220","ELEI??ES MUNICIPAIS 2016","10/2/2016","M","RJ","58491","MAG?","58491","MAG?","110","517","13","VEREADOR","28028","CLEVERSOM VIDAL RIBEIRO","1","2976","190000021834","ESCOLA MUNICIPAL EVANIR DA SILVA GAGO","RUA 8 DE MAIO, 163"
"12/7/2023","14:25:26","2016","2","ELEI??O ORDIN?RIA","1","220","ELEI??ES MUNICIPAIS 2016","10/2/2016","M","RJ","58491","MAG?","58491","MAG?","148","99","13","VEREADOR","28028","CLEVERSOM VIDAL RIBEIRO","1","1473","190000021834","ESCOLA MUNICIPAL GERALDA IZAURA (BENITO ALEM  COZZOLINO)","SANTOS DUMONT S/N"
"12/7/2023","14:25:26","2016","2","ELEI??O ORDIN?RIA","1","220","ELEI??ES MUNICIPAIS 2016","10/2/2016","M","RJ","58491","MAG?","58491","MAG?","110","504","13","VEREADOR","28028","CLEVERSOM VIDAL RIBEIRO","1","2950","190000021834","COL?GIO ESTADUAL RUTH TALDO FRAN?A","RUA DUQUE DE CAXIAS, 65"
"12/7/2023","14:25:26","2016","2","ELEI??O ORDIN?RIA","1","220","ELEI??ES MUNICIPAIS 2016","10/2/2016","M","RJ","58491","MAG?","58491","MAG?","110","40","13","VEREADOR","28028","CLEVERSOM VIDAL RIBEIRO","1","1074","190000021834","CIEP 128","RUA JO?O VAL?RIO S/N"
"12/7/2023","14:25:26","2016","2","ELEI??O ORDIN?RIA","1","220","ELEI??ES MUNICIPAIS 2016","10/2/2016","M","RJ","58491","MAG?","58491","MAG?","110","450","13","VEREADOR","28028","CLEVERSOM VIDAL RIBEIRO","1","1120","190000021834","ESCOLA ESTADUAL VISCONDE DE SEPETIBA","RUA PREFEITO ULLMAN"
"12/7/2023","14:25:26","2016","2","ELEI??O ORDIN?RIA","1","220","ELEI??ES MUNICIPAIS 2016","10/2/2016","M","RJ","58491","MAG?","58491","MAG?","148","37","13","VEREADOR","28028","CLEVERSOM VIDAL RIBEIRO","1","1104","190000021834","ESCOLA MUNICIPAL DOUTOR DOMINGOS BELIZZE","ESTRADA DO CONTORNO KM 10 - PARQUE VILA RECREIO S/N"
"12/7/2023","14:25:26","2016","2","ELEI??O ORDIN?RIA","1","220","ELEI??ES MUNICIPAIS 2016","10/2/2016","M","RJ","58491","MAG?","58491","MAG?","110","472","13","VEREADOR","28028","CLEVERSOM VIDAL RIBEIRO","1","2844","190000021834","ESCOLA MUNICIPAL PAULO FREIRE","AVENIDA ROBERTO SILVEIRA S/N"
"12/7/2023","14:25:26","2016","2","ELEI??O ORDIN?RIA","1","220","ELEI??ES MUNICIPAIS 2016","10/2/2016","M","RJ","58491","MAG?","58491","MAG?","148","66","13","VEREADOR","28028","CLEVERSOM VIDAL RIBEIRO","1","1210","190000021834","C. E.  JOSE VERISSIMO","AV. AUTOM?VEL CLUBE"
"12/7/2023","14:25:26","2016","2","ELEI??O ORDIN?RIA","1","220","ELEI??ES MUNICIPAIS 2016","10/2/2016","M","RJ","58491","MAG?","58491","MAG?","148","216","13","VEREADOR","28028","CLEVERSOM VIDAL RIBEIRO","1","1210","190000021834","C. E.  JOSE VERISSIMO","AV. AUTOM?VEL CLUBE"
"12/7/2023","14:25:26","2016","2","ELEI??O ORDIN?RIA","1","220","ELEI??ES MUNICIPAIS 2016","10/2/2016","M","RJ","58491","MAG?","58491","MAG?","148","230","13","VEREADOR","28028","CLEVERSOM VIDAL RIBEIRO","1","1139","190000021834","ESCOLA MUNICIPAL PROFESSORA ROSENI DOS SANTOS SILVA","RUA JOAQUIM TOMAZ 90 PONTE PRETA"
"12/7/2023","14:25:26","2016","2","ELEI??O ORDIN?RIA","1","220","ELEI??ES MUNICIPAIS 2016","10/2/2016","M","RJ","58491","MAG?","58491","MAG?","110","530","13","VEREADOR","28028","CLEVERSOM VIDAL RIBEIRO","1","2909","190000021834","ESCOLA MUNICIPAL FRANCISCO RONDINELLI","RUA ITAMBI, S/N"
"12/7/2023","14:25:26","2016","2","ELEI??O ORDIN?RIA","1","220","ELEI??ES MUNICIPAIS 2016","10/2/2016","M","RJ","58491","MAG?","58491","MAG?","148","234","13","VEREADOR","28028","CLEVERSOM VIDAL RIBEIRO","1","1678","190000021834","ESCOLA MUNICIPAL JO?O RODRIGUES","RUA MARISA PRADO, 274"
"12/7/2023","14:25:26","2016","2","ELEI??O ORDIN?RIA","1","220","ELEI??ES MUNICIPAIS 2016","10/2/2016","M","RJ","58491","MAG?","58491","MAG?","110","340","13","VEREADOR","28028","CLEVERSOM VIDAL RIBEIRO","1","1082","190000021834","CRECHE MUNICIPAL ADALBERTO GOMES PINTO FERRAZ","RUA PORTO VELHO 105"
"12/7/2023","14:25:26","2016","2","ELEI??O ORDIN?RIA","1","220","ELEI??ES MUNICIPAIS 2016","10/2/2016","M","RJ","58491","MAG?","58491","MAG?","110","519","13","VEREADOR","28028","CLEVERSOM VIDAL RIBEIRO","1","2976","190000021834","ESCOLA MUNICIPAL EVANIR DA SILVA GAGO","RUA 8 DE MAIO, 163"
"12/7/2023","14:25:26","2016","2","ELEI??O ORDIN?RIA","1","220","ELEI??ES MUNICIPAIS 2016","10/2/2016","M","RJ","58491","MAG?","58491","MAG?","110","43","13","VEREADOR","28028","CLEVERSOM VIDAL RIBEIRO","1","1074","190000021834","CIEP 128","RUA JO?O VAL?RIO S/N"
"12/7/2023","14:25:26","2016","2","ELEI??O ORDIN?RIA","1","220","ELEI??ES MUNICIPAIS 2016","10/2/2016","M","RJ","58491","MAG?","58491","MAG?","148","257","13","VEREADOR","28028","CLEVERSOM VIDAL RIBEIRO","1","1457","190000021834","ESCOLA MUNICIPAL PROFESSOR DANIEL SOARES SILVA (MARIA T. COZZOLINO)","AV. AUTOMOVEL CLUBE KM 59 N. 745"
"12/7/2023","14:25:26","2016","2","ELEI??O ORDIN?RIA","1","220","ELEI??ES MUNICIPAIS 2016","10/2/2016","M","RJ","58491","MAG?","58491","MAG?","148","27","13","VEREADOR","28028","CLEVERSOM VIDAL RIBEIRO","1","1082","190000021834","COL?GIO ESTADUAL  PROFESSOR ALFREDO BALTHAZAR DA SILVEIRA","RUA GUARANY S/N"
"12/7/2023","14:25:26","2016","2","ELEI??O ORDIN?RIA","1","220","ELEI??ES MUNICIPAIS 2016","10/2/2016","M","RJ","58491","MAG?","58491","MAG?","110","51","13","VEREADOR","28028","CLEVERSOM VIDAL RIBEIRO","1","1120","190000021834","ESCOLA ESTADUAL VISCONDE DE SEPETIBA","RUA PREFEITO ULLMAN"
"12/7/2023","14:25:26","2016","2","ELEI??O ORDIN?RIA","1","220","ELEI??ES MUNICIPAIS 2016","10/2/2016","M","RJ","58491","MAG?","58491","MAG?","148","258","13","VEREADOR","28028","CLEVERSOM VIDAL RIBEIRO","1","1694","190000021834","ESCOLA MUNICIPAL GANDUR ASSED","RUA UM, S/N"
"12/7/2023","14:25:26","2016","2","ELEI??O ORDIN?RIA","1","220","ELEI??ES MUNICIPAIS 2016","10/2/2016","M","RJ","58491","MAG?","58491","MAG?","148","200","13","VEREADOR","28028","CLEVERSOM VIDAL RIBEIRO","1","1546","190000021834","ESCOLA MUNICIPAL PROFESSORA ALICE DA SILVA S. DE PAIVA","RUA C QD 6 LT 4"
"12/7/2023","14:25:26","2016","2","ELEI??O ORDIN?RIA","1","220","ELEI??ES MUNICIPAIS 2016","10/2/2016","M","RJ","58491","MAG?","58491","MAG?","110","396","13","VEREADOR","28028","CLEVERSOM VIDAL RIBEIRO","1","1031","190000021834","COL?GIO ESTADUAL DE MAG?","RUA COMENDADOR REIS S/N"
"12/7/2023","14:25:26","2016","2","ELEI??O ORDIN?RIA","1","220","ELEI??ES MUNICIPAIS 2016","10/2/2016","M","RJ","58491","MAG?","58491","MAG?","110","38","13","VEREADOR","28028","CLEVERSOM VIDAL RIBEIRO","1","1120","190000021834","ESCOLA ESTADUAL VISCONDE DE SEPETIBA","RUA PREFEITO ULLMAN"
"12/7/2023","14:25:26","2016","2","ELEI??O ORDIN?RIA","1","220","ELEI??ES MUNICIPAIS 2016","10/2/2016","M","RJ","58491","MAG?","58491","MAG?","148","14","13","VEREADOR","28028","CLEVERSOM VIDAL RIBEIRO","1","1317","190000021834","ESCOLA MUNICIIPAL AURELIANO COUTINHO","ESTRADA MUNICIPAL, S/N"
"12/7/2023","14:25:26","2016","2","ELEI??O ORDIN?RIA","1","220","ELEI??ES MUNICIPAIS 2016","10/2/2016","M","RJ","58491","MAG?","58491","MAG?","148","183","13","VEREADOR","28028","CLEVERSOM VIDAL RIBEIRO","1","1082","190000021834","COL?GIO ESTADUAL  PROFESSOR ALFREDO BALTHAZAR DA SILVEIRA","RUA GUARANY S/N"
"12/7/2023","14:25:26","2016","2","ELEI??O ORDIN?RIA","1","220","ELEI??ES MUNICIPAIS 2016","10/2/2016","M","RJ","58491","MAG?","58491","MAG?","148","19","13","VEREADOR","28028","CLEVERSOM VIDAL RIBEIRO","1","1066","190000021834","CIEP 219 - NACAO YANOMANI  - ENY DA SILVA","RUA IRMAOS SCHNAIDER S/N"
"12/7/2023","14:25:26","2016","2","ELEI??O ORDIN?RIA","1","220","ELEI??ES MUNICIPAIS 2016","10/2/2016","M","RJ","58491","MAG?","58491","MAG?","148","63","13","VEREADOR","28028","CLEVERSOM VIDAL RIBEIRO","1","1201","190000021834","ESCOLA ESTADUAL PROFESSORA ALDA BERNARDO DOS SANTOS TAVARES","RUA BRASIL, 153"
"12/7/2023","14:25:26","2016","2","ELEI??O ORDIN?RIA","1","220","ELEI??ES MUNICIPAIS 2016","10/2/2016","M","RJ","58491","MAG?","58491","MAG?","148","57","13","VEREADOR","28028","CLEVERSOM VIDAL RIBEIRO","1","1198","190000021834","CIEP 441 - MANE GARRINCHA","RUA JOS? PEREIRA DE SOUZA S/N"
"12/7/2023","14:25:26","2016","2","ELEI??O ORDIN?RIA","1","220","ELEI??ES MUNICIPAIS 2016","10/2/2016","M","RJ","58491","MAG?","58491","MAG?","148","103","13","VEREADOR","28028","CLEVERSOM VIDAL RIBEIRO","1","1473","190000021834","ESCOLA MUNICIPAL GERALDA IZAURA (BENITO ALEM  COZZOLINO)","SANTOS DUMONT S/N"
"12/7/2023","14:25:26","2016","2","ELEI??O ORDIN?RIA","1","220","ELEI??ES MUNICIPAIS 2016","10/2/2016","M","RJ","58491","MAG?","58491","MAG?","110","500","13","VEREADOR","28028","CLEVERSOM VIDAL RIBEIRO","1","2976","190000021834","ESCOLA MUNICIPAL EVANIR DA SILVA GAGO","RUA 8 DE MAIO, 163"
"12/7/2023","14:25:26","2016","2","ELEI??O ORDIN?RIA","1","220","ELEI??ES MUNICIPAIS 2016","10/2/2016","M","RJ","58491","MAG?","58491","MAG?","110","492","13","VEREADOR","28028","CLEVERSOM VIDAL RIBEIRO","1","2909","190000021834","ESCOLA MUNICIPAL FRANCISCO RONDINELLI","RUA ITAMBI, S/N"
"12/7/2023","14:25:26","2016","2","ELEI??O ORDIN?RIA","1","220","ELEI??ES MUNICIPAIS 2016","10/2/2016","M","RJ","58491","MAG?","58491","MAG?","110","122","13","VEREADOR","28028","CLEVERSOM VIDAL RIBEIRO","1","1589","190000021834","COL?GIO ESTADUAL MAUA","AV. ROBERTO SILVEIRA S/N"
"12/7/2023","14:25:26","2016","2","ELEI??O ORDIN?RIA","1","220","ELEI??ES MUNICIPAIS 2016","10/2/2016","M","RJ","58491","MAG?","58491","MAG?","110","399","13","VEREADOR","28028","CLEVERSOM VIDAL RIBEIRO","1","2674","190000021834","ESCOLA MUNICIPAL CELSO GOULART","ESTRADA RIO DO OURO S/N"
"12/7/2023","14:25:26","2016","2","ELEI??O ORDIN?RIA","1","220","ELEI??ES MUNICIPAIS 2016","10/2/2016","M","RJ","58491","MAG?","58491","MAG?","148","124","13","VEREADOR","28028","CLEVERSOM VIDAL RIBEIRO","1","1546","190000021834","ESCOLA MUNICIPAL PROFESSORA ALICE DA SILVA S. DE PAIVA","RUA C QD 6 LT 4"
"12/7/2023","14:25:26","2016","2","ELEI??O ORDIN?RIA","1","220","ELEI??ES MUNICIPAIS 2016","10/2/2016","M","RJ","58491","MAG?","58491","MAG?","110","50","13","VEREADOR","28028","CLEVERSOM VIDAL RIBEIRO","1","1120","190000021834","ESCOLA ESTADUAL VISCONDE DE SEPETIBA","RUA PREFEITO ULLMAN"
"12/7/2023","14:25:26","2016","2","ELEI??O ORDIN?RIA","1","220","ELEI??ES MUNICIPAIS 2016","10/2/2016","M","RJ","58491","MAG?","58491","MAG?","110","241","13","VEREADOR","28028","CLEVERSOM VIDAL RIBEIRO","1","1210","190000021834","ESCOLA MUNICIPAL DES. OSWALDO PORTELLA","AVENIDA PADRE ANCHIETA, 163"
"12/7/2023","14:25:26","2016","2","ELEI??O ORDIN?RIA","1","220","ELEI??ES MUNICIPAIS 2016","10/2/2016","M","RJ","58491","MAG?","58491","MAG?","110","535","13","VEREADOR","28028","CLEVERSOM VIDAL RIBEIRO","1","2950","190000021834","COL?GIO ESTADUAL RUTH TALDO FRAN?A","RUA DUQUE DE CAXIAS, 65"
"12/7/2023","14:25:26","2016","2","ELEI??O ORDIN?RIA","1","220","ELEI??ES MUNICIPAIS 2016","10/2/2016","M","RJ","58491","MAG?","58491","MAG?","148","102","13","VEREADOR","28028","CLEVERSOM VIDAL RIBEIRO","1","1473","190000021834","ESCOLA MUNICIPAL GERALDA IZAURA (BENITO ALEM  COZZOLINO)","SANTOS DUMONT S/N"
"12/7/2023","14:25:26","2016","2","ELEI??O ORDIN?RIA","1","220","ELEI??ES MUNICIPAIS 2016","10/2/2016","M","RJ","58491","MAG?","58491","MAG?","110","226","13","VEREADOR","28028","CLEVERSOM VIDAL RIBEIRO","1","1481","190000021834","ESCOLA MUNICIPAL S?O NICOLAU","RUA CORONEL ALARICO JOSE DO AMARAL S/N"
"12/7/2023","14:25:26","2016","2","ELEI??O ORDIN?RIA","1","220","ELEI??ES MUNICIPAIS 2016","10/2/2016","M","RJ","58491","MAG?","58491","MAG?","110","452","13","VEREADOR","28028","CLEVERSOM VIDAL RIBEIRO","1","2747","190000021834","ESCOLA ESTADUAL S?O FRANCISCO DE ASSIS","ESTRADA AUGUSTO VIEIRA, S/N"
"12/7/2023","14:25:26","2016","2","ELEI??O ORDIN?RIA","1","220","ELEI??ES MUNICIPAIS 2016","10/2/2016","M","RJ","58491","MAG?","58491","MAG?","148","197","13","VEREADOR","28028","CLEVERSOM VIDAL RIBEIRO","1","1678","190000021834","ESCOLA MUNICIPAL JO?O RODRIGUES","RUA MARISA PRADO, 274"
"12/7/2023","14:25:26","2016","2","ELEI??O ORDIN?RIA","1","220","ELEI??ES MUNICIPAIS 2016","10/2/2016","M","RJ","58491","MAG?","58491","MAG?","148","175","13","VEREADOR","28028","CLEVERSOM VIDAL RIBEIRO","1","1546","190000021834","ESCOLA MUNICIPAL PROFESSORA ALICE DA SILVA S. DE PAIVA","RUA C QD 6 LT 4"
"12/7/2023","14:25:26","2016","2","ELEI??O ORDIN?RIA","1","220","ELEI??ES MUNICIPAIS 2016","10/2/2016","M","RJ","58491","MAG?","58491","MAG?","110","285","13","VEREADOR","28028","CLEVERSOM VIDAL RIBEIRO","1","1120","190000021834","ESCOLA ESTADUAL VISCONDE DE SEPETIBA","RUA PREFEITO ULLMAN"
"12/7/2023","14:25:26","2016","2","ELEI??O ORDIN?RIA","1","220","ELEI??ES MUNICIPAIS 2016","10/2/2016","M","RJ","58491","MAG?","58491","MAG?","148","121","13","VEREADOR","28028","CLEVERSOM VIDAL RIBEIRO","1","1686","190000021834","ESCOLA MUNICIPAL GERALDA ALVES DA SILVA (RAPHAEL COZZOLINO)","RUA GUARANI, 1978"
"12/7/2023","14:25:26","2016","2","ELEI??O ORDIN?RIA","1","220","ELEI??ES MUNICIPAIS 2016","10/2/2016","M","RJ","58491","MAG?","58491","MAG?","148","84","13","VEREADOR","28028","CLEVERSOM VIDAL RIBEIRO","1","1201","190000021834","ESCOLA ESTADUAL PROFESSORA ALDA BERNARDO DOS SANTOS TAVARES","RUA BRASIL, 153"
"12/7/2023","14:25:26","2016","2","ELEI??O ORDIN?RIA","1","220","ELEI??ES MUNICIPAIS 2016","10/2/2016","M","RJ","58491","MAG?","58491","MAG?","148","101","13","VEREADOR","28028","CLEVERSOM VIDAL RIBEIRO","1","1473","190000021834","ESCOLA MUNICIPAL GERALDA IZAURA (BENITO ALEM  COZZOLINO)","SANTOS DUMONT S/N"
"12/7/2023","14:25:26","2016","2","ELEI??O ORDIN?RIA","1","220","ELEI??ES MUNICIPAIS 2016","10/2/2016","M","RJ","58491","MAG?","58491","MAG?","110","346","13","VEREADOR","28028","CLEVERSOM VIDAL RIBEIRO","1","1147","190000021834","CEI - CENTRO EDUCACIONAL IMPERIAL","AVENDIA SIM?O DA MOTTA, S/N"
"12/7/2023","14:25:26","2016","2","ELEI??O ORDIN?RIA","1","220","ELEI??ES MUNICIPAIS 2016","10/2/2016","M","RJ","58491","MAG?","58491","MAG?","148","87","13","VEREADOR","28028","CLEVERSOM VIDAL RIBEIRO","1","1201","190000021834","ESCOLA ESTADUAL PROFESSORA ALDA BERNARDO DOS SANTOS TAVARES","RUA BRASIL, 153"
"12/7/2023","14:25:26","2016","2","ELEI??O ORDIN?RIA","1","220","ELEI??ES MUNICIPAIS 2016","10/2/2016","M","RJ","58491","MAG?","58491","MAG?","148","227","13","VEREADOR","28028","CLEVERSOM VIDAL RIBEIRO","1","1082","190000021834","COL?GIO ESTADUAL  PROFESSOR ALFREDO BALTHAZAR DA SILVEIRA","RUA GUARANY S/N"
"12/7/2023","14:25:26","2016","2","ELEI??O ORDIN?RIA","1","220","ELEI??ES MUNICIPAIS 2016","10/2/2016","M","RJ","58491","MAG?","58491","MAG?","148","164","13","VEREADOR","28028","CLEVERSOM VIDAL RIBEIRO","1","1546","190000021834","ESCOLA MUNICIPAL PROFESSORA ALICE DA SILVA S. DE PAIVA","RUA C QD 6 LT 4"
"12/7/2023","14:25:26","2016","2","ELEI??O ORDIN?RIA","1","220","ELEI??ES MUNICIPAIS 2016","10/2/2016","M","RJ","58491","MAG?","58491","MAG?","110","47","13","VEREADOR","28028","CLEVERSOM VIDAL RIBEIRO","1","1074","190000021834","CIEP 128","RUA JO?O VAL?RIO S/N"
"12/7/2023","14:25:26","2016","2","ELEI??O ORDIN?RIA","1","220","ELEI??ES MUNICIPAIS 2016","10/2/2016","M","RJ","58491","MAG?","58491","MAG?","148","76","13","VEREADOR","28028","CLEVERSOM VIDAL RIBEIRO","1","1082","190000021834","COL?GIO ESTADUAL  PROFESSOR ALFREDO BALTHAZAR DA SILVEIRA","RUA GUARANY S/N"
"12/7/2023","14:25:26","2016","2","ELEI??O ORDIN?RIA","1","220","ELEI??ES MUNICIPAIS 2016","10/2/2016","M","RJ","58491","MAG?","58491","MAG?","148","11","13","VEREADOR","28028","CLEVERSOM VIDAL RIBEIRO","1","1376","190000021834","PRIMEIRA IGREJA BATISTA DE PIABETA","RUA BRASIL 235"
"12/7/2023","14:25:26","2016","2","ELEI??O ORDIN?RIA","1","220","ELEI??ES MUNICIPAIS 2016","10/2/2016","M","RJ","58491","MAG?","58491","MAG?","110","502","13","VEREADOR","28028","CLEVERSOM VIDAL RIBEIRO","1","2950","190000021834","COL?GIO ESTADUAL RUTH TALDO FRAN?A","RUA DUQUE DE CAXIAS, 65"
"12/7/2023","14:25:26","2016","2","ELEI??O ORDIN?RIA","1","220","ELEI??ES MUNICIPAIS 2016","10/2/2016","M","RJ","58491","MAG?","58491","MAG?","110","15","13","VEREADOR","28028","CLEVERSOM VIDAL RIBEIRO","1","2720","190000021834","ESCOLA MUNICIPAL MARIA CLARA MACHADO","RUA CORONEL MACIEIRA, S/N"
"12/7/2023","14:25:26","2016","2","ELEI??O ORDIN?RIA","1","220","ELEI??ES MUNICIPAIS 2016","10/2/2016","M","RJ","58491","MAG?","58491","MAG?","110","27","13","VEREADOR","28028","CLEVERSOM VIDAL RIBEIRO","1","1147","190000021834","CEI - CENTRO EDUCACIONAL IMPERIAL","AVENDIA SIM?O DA MOTTA, S/N"
"12/7/2023","14:25:26","2016","2","ELEI??O ORDIN?RIA","1","220","ELEI??ES MUNICIPAIS 2016","10/2/2016","M","RJ","58491","MAG?","58491","MAG?","110","3","13","VEREADOR","28028","CLEVERSOM VIDAL RIBEIRO","1","1074","190000021834","CIEP 128","RUA JO?O VAL?RIO S/N"
"12/7/2023","14:25:26","2016","2","ELEI??O ORDIN?RIA","1","220","ELEI??ES MUNICIPAIS 2016","10/2/2016","M","RJ","58491","MAG?","58491","MAG?","110","44","13","VEREADOR","28028","CLEVERSOM VIDAL RIBEIRO","1","2720","190000021834","ESCOLA MUNICIPAL MARIA CLARA MACHADO","RUA CORONEL MACIEIRA, S/N"
"12/7/2023","14:25:26","2016","2","ELEI??O ORDIN?RIA","1","220","ELEI??ES MUNICIPAIS 2016","10/2/2016","M","RJ","58491","MAG?","58491","MAG?","148","70","13","VEREADOR","28028","CLEVERSOM VIDAL RIBEIRO","1","1210","190000021834","C. E.  JOSE VERISSIMO","AV. AUTOM?VEL CLUBE"
"12/7/2023","14:25:26","2016","2","ELEI??O ORDIN?RIA","1","220","ELEI??ES MUNICIPAIS 2016","10/2/2016","M","RJ","58491","MAG?","58491","MAG?","148","113","13","VEREADOR","28028","CLEVERSOM VIDAL RIBEIRO","1","1317","190000021834","ESCOLA MUNICIIPAL AURELIANO COUTINHO","ESTRADA MUNICIPAL, S/N"
"12/7/2023","14:25:26","2016","2","ELEI??O ORDIN?RIA","1","220","ELEI??ES MUNICIPAIS 2016","10/2/2016","M","RJ","58491","MAG?","58491","MAG?","148","251","13","VEREADOR","28028","CLEVERSOM VIDAL RIBEIRO","1","1457","190000021834","ESCOLA MUNICIPAL PROFESSOR DANIEL SOARES SILVA (MARIA T. COZZOLINO)","AV. AUTOMOVEL CLUBE KM 59 N. 745"
"12/7/2023","14:25:26","2016","2","ELEI??O ORDIN?RIA","1","220","ELEI??ES MUNICIPAIS 2016","10/2/2016","M","RJ","58491","MAG?","58491","MAG?","148","49","13","VEREADOR","28028","CLEVERSOM VIDAL RIBEIRO","1","1155","190000021834","ESCOLA MUNICIPAL TIRADENTES (ERNESTO COZZOLINO)","RUA 11 DE JULHO S/N"
"12/7/2023","14:25:26","2016","2","ELEI??O ORDIN?RIA","1","220","ELEI??ES MUNICIPAIS 2016","10/2/2016","M","RJ","58491","MAG?","58491","MAG?","148","139","13","VEREADOR","28028","CLEVERSOM VIDAL RIBEIRO","1","1414","190000021834","ESCOLA MUNICIPAL ELZA TEIXEIRA DE PAIVA","RUA MARIA CRISTINA BURACO DA ONCA S/N"
"12/7/2023","14:25:26","2016","2","ELEI??O ORDIN?RIA","1","220","ELEI??ES MUNICIPAIS 2016","10/2/2016","M","RJ","58491","MAG?","58491","MAG?","148","201","13","VEREADOR","28028","CLEVERSOM VIDAL RIBEIRO","1","1570","190000021834","ESCOLA MUNICIPAL RENATA FRANCO (PERGENTINA COZZOLINO)","RUA C S/N LOTEAMENTO PARAGUAI"
"12/7/2023","14:25:26","2016","2","ELEI??O ORDIN?RIA","1","220","ELEI??ES MUNICIPAIS 2016","10/2/2016","M","RJ","58491","MAG?","58491","MAG?","148","212","13","VEREADOR","28028","CLEVERSOM VIDAL RIBEIRO","1","1210","190000021834","C. E.  JOSE VERISSIMO","AV. AUTOM?VEL CLUBE"
"12/7/2023","14:25:26","2016","2","ELEI??O ORDIN?RIA","1","220","ELEI??ES MUNICIPAIS 2016","10/2/2016","M","RJ","58491","MAG?","58491","MAG?","148","10","13","VEREADOR","28028","CLEVERSOM VIDAL RIBEIRO","1","1376","190000021834","PRIMEIRA IGREJA BATISTA DE PIABETA","RUA BRASIL 235"
"12/7/2023","14:25:26","2016","2","ELEI??O ORDIN?RIA","1","220","ELEI??ES MUNICIPAIS 2016","10/2/2016","M","RJ","58491","MAG?","58491","MAG?","148","125","13","VEREADOR","28028","CLEVERSOM VIDAL RIBEIRO","1","1546","190000021834","ESCOLA MUNICIPAL PROFESSORA ALICE DA SILVA S. DE PAIVA","RUA C QD 6 LT 4"
"12/7/2023","14:25:26","2016","2","ELEI??O ORDIN?RIA","1","220","ELEI??ES MUNICIPAIS 2016","10/2/2016","M","RJ","58491","MAG?","58491","MAG?","148","79","13","VEREADOR","28028","CLEVERSOM VIDAL RIBEIRO","1","1201","190000021834","ESCOLA ESTADUAL PROFESSORA ALDA BERNARDO DOS SANTOS TAVARES","RUA BRASIL, 153"
"12/7/2023","14:25:26","2016","2","ELEI??O ORDIN?RIA","1","220","ELEI??ES MUNICIPAIS 2016","10/2/2016","M","RJ","58491","MAG?","58491","MAG?","110","526","13","VEREADOR","28028","CLEVERSOM VIDAL RIBEIRO","1","3000","190000021834","ESCOLA MUNICIPAL RUTH TALDO FRAN?A","AV. OTHON LINZ BEZERRA DE MELLO, S/N"
"12/7/2023","14:25:26","2016","2","ELEI??O ORDIN?RIA","1","220","ELEI??ES MUNICIPAIS 2016","10/2/2016","M","RJ","58491","MAG?","58491","MAG?","148","21","13","VEREADOR","28028","CLEVERSOM VIDAL RIBEIRO","1","1066","190000021834","CIEP 219 - NACAO YANOMANI  - ENY DA SILVA","RUA IRMAOS SCHNAIDER S/N"
"12/7/2023","14:25:26","2016","2","ELEI??O ORDIN?RIA","1","220","ELEI??ES MUNICIPAIS 2016","10/2/2016","M","RJ","58491","MAG?","58491","MAG?","110","438","13","VEREADOR","28028","CLEVERSOM VIDAL RIBEIRO","1","1074","190000021834","CIEP 128","RUA JO?O VAL?RIO S/N"
"12/7/2023","14:25:26","2016","2","ELEI??O ORDIN?RIA","1","220","ELEI??ES MUNICIPAIS 2016","10/2/2016","M","RJ","58491","MAG?","58491","MAG?","110","17","13","VEREADOR","28028","CLEVERSOM VIDAL RIBEIRO","1","1066","190000021834","GRUPO POTENCIA (GPI)","RUA PIO XII, 47"
"12/7/2023","14:25:26","2016","2","ELEI??O ORDIN?RIA","1","220","ELEI??ES MUNICIPAIS 2016","10/2/2016","M","RJ","58491","MAG?","58491","MAG?","148","119","13","VEREADOR","28028","CLEVERSOM VIDAL RIBEIRO","1","1686","190000021834","ESCOLA MUNICIPAL GERALDA ALVES DA SILVA (RAPHAEL COZZOLINO)","RUA GUARANI, 1978"
"12/7/2023","14:25:26","2016","2","ELEI??O ORDIN?RIA","1","220","ELEI??ES MUNICIPAIS 2016","10/2/2016","M","RJ","58491","MAG?","58491","MAG?","110","542","13","VEREADOR","28028","CLEVERSOM VIDAL RIBEIRO","1","2909","190000021834","ESCOLA MUNICIPAL FRANCISCO RONDINELLI","RUA ITAMBI, S/N"
"12/7/2023","14:25:26","2016","2","ELEI??O ORDIN?RIA","1","220","ELEI??ES MUNICIPAIS 2016","10/2/2016","M","RJ","58491","MAG?","58491","MAG?","148","236","13","VEREADOR","28028","CLEVERSOM VIDAL RIBEIRO","1","1546","190000021834","ESCOLA MUNICIPAL PROFESSORA ALICE DA SILVA S. DE PAIVA","RUA C QD 6 LT 4"
"12/7/2023","14:25:26","2016","2","ELEI??O ORDIN?RIA","1","220","ELEI??ES MUNICIPAIS 2016","10/2/2016","M","RJ","58491","MAG?","58491","MAG?","110","274","13","VEREADOR","28028","CLEVERSOM VIDAL RIBEIRO","1","1481","190000021834","ESCOLA MUNICIPAL S?O NICOLAU","RUA CORONEL ALARICO JOSE DO AMARAL S/N"
"12/7/2023","14:25:26","2016","2","ELEI??O ORDIN?RIA","1","220","ELEI??ES MUNICIPAIS 2016","10/2/2016","M","RJ","58491","MAG?","58491","MAG?","148","51","13","VEREADOR","28028","CLEVERSOM VIDAL RIBEIRO","1","1066","190000021834","CIEP 219 - NACAO YANOMANI  - ENY DA SILVA","RUA IRMAOS SCHNAIDER S/N"
"12/7/2023","14:25:26","2016","2","ELEI??O ORDIN?RIA","1","220","ELEI??ES MUNICIPAIS 2016","10/2/2016","M","RJ","58491","MAG?","58491","MAG?","148","194","13","VEREADOR","28028","CLEVERSOM VIDAL RIBEIRO","1","1457","190000021834","ESCOLA MUNICIPAL PROFESSOR DANIEL SOARES SILVA (MARIA T. COZZOLINO)","AV. AUTOMOVEL CLUBE KM 59 N. 745"
"12/7/2023","14:25:26","2016","2","ELEI??O ORDIN?RIA","1","220","ELEI??ES MUNICIPAIS 2016","10/2/2016","M","RJ","58491","MAG?","58491","MAG?","148","92","13","VEREADOR","28028","CLEVERSOM VIDAL RIBEIRO","1","1279","190000021834","CIEP 127 - FREI ACURSIO ALUIZIO GONZAGA","RUA TREZE S/N"
"12/7/2023","14:25:26","2016","2","ELEI??O ORDIN?RIA","1","220","ELEI??ES MUNICIPAIS 2016","10/2/2016","M","RJ","58491","MAG?","58491","MAG?","110","278","13","VEREADOR","28028","CLEVERSOM VIDAL RIBEIRO","1","2291","190000021834","CRECHE MUNICIPAL YANCA XIMENEZ","ESTRADA REAL DE MAUA 1464 JARDIM DA PAZ"
"12/7/2023","14:25:26","2016","2","ELEI??O ORDIN?RIA","1","220","ELEI??ES MUNICIPAIS 2016","10/2/2016","M","RJ","58491","MAG?","58491","MAG?","148","191","13","VEREADOR","28028","CLEVERSOM VIDAL RIBEIRO","1","1198","190000021834","CIEP 441 - MANE GARRINCHA","RUA JOS? PEREIRA DE SOUZA S/N"
"12/7/2023","14:25:26","2016","2","ELEI??O ORDIN?RIA","1","220","ELEI??ES MUNICIPAIS 2016","10/2/2016","M","RJ","58491","MAG?","58491","MAG?","110","532","13","VEREADOR","28028","CLEVERSOM VIDAL RIBEIRO","1","3034","190000021834","ESCOLA MUNICIPAL PROFESSORA RISOLETA GOULART DA S. MATUCK","RUA DOS CRAVOS 190 - 2633 8943"
"12/7/2023","14:25:26","2016","2","ELEI??O ORDIN?RIA","1","220","ELEI??ES MUNICIPAIS 2016","10/2/2016","M","RJ","58491","MAG?","58491","MAG?","148","80","13","VEREADOR","28028","CLEVERSOM VIDAL RIBEIRO","1","1201","190000021834","ESCOLA ESTADUAL PROFESSORA ALDA BERNARDO DOS SANTOS TAVARES","RUA BRASIL, 153"
"12/7/2023","14:25:26","2016","2","ELEI??O ORDIN?RIA","1","220","ELEI??ES MUNICIPAIS 2016","10/2/2016","M","RJ","58491","MAG?","58491","MAG?","148","198","13","VEREADOR","28028","CLEVERSOM VIDAL RIBEIRO","1","1031","190000021834","ESCOLA MUNICIPAL VEREADOR GERALDO ?NGELO PEREIRA","RUA J S/N (PRA?A CARLOS DE SOUZA)"
"12/7/2023","14:25:26","2016","2","ELEI??O ORDIN?RIA","1","220","ELEI??ES MUNICIPAIS 2016","10/2/2016","M","RJ","58491","MAG?","58491","MAG?","110","481","13","VEREADOR","28028","CLEVERSOM VIDAL RIBEIRO","1","2720","190000021834","ESCOLA MUNICIPAL MARIA CLARA MACHADO","RUA CORONEL MACIEIRA, S/N"
"12/7/2023","14:25:26","2016","2","ELEI??O ORDIN?RIA","1","220","ELEI??ES MUNICIPAIS 2016","10/2/2016","M","RJ","58491","MAG?","58491","MAG?","110","11","13","VEREADOR","28028","CLEVERSOM VIDAL RIBEIRO","1","1031","190000021834","COL?GIO ESTADUAL DE MAG?","RUA COMENDADOR REIS S/N"
"12/7/2023","14:25:26","2016","2","ELEI??O ORDIN?RIA","1","220","ELEI??ES MUNICIPAIS 2016","10/2/2016","M","RJ","58491","MAG?","58491","MAG?","148","88","13","VEREADOR","28028","CLEVERSOM VIDAL RIBEIRO","1","1317","190000021834","ESCOLA MUNICIIPAL AURELIANO COUTINHO","ESTRADA MUNICIPAL, S/N"
"12/7/2023","14:25:26","2016","2","ELEI??O ORDIN?RIA","1","220","ELEI??ES MUNICIPAIS 2016","10/2/2016","M","RJ","58491","MAG?","58491","MAG?","110","45","13","VEREADOR","28028","CLEVERSOM VIDAL RIBEIRO","1","1210","190000021834","ESCOLA MUNICIPAL DES. OSWALDO PORTELLA","AVENIDA PADRE ANCHIETA, 163"
"12/7/2023","14:25:26","2016","2","ELEI??O ORDIN?RIA","1","220","ELEI??ES MUNICIPAIS 2016","10/2/2016","M","RJ","58491","MAG?","58491","MAG?","110","512","13","VEREADOR","28028","CLEVERSOM VIDAL RIBEIRO","1","2968","190000021834","COL?GIO ESTADUAL JOAQUIM LEIT?O","RUA WALDEMAR LIMA TEIXEIRA S/N - 2630 0131"
"12/7/2023","14:25:26","2016","2","ELEI??O ORDIN?RIA","1","220","ELEI??ES MUNICIPAIS 2016","10/2/2016","M","RJ","58491","MAG?","58491","MAG?","148","82","13","VEREADOR","28028","CLEVERSOM VIDAL RIBEIRO","1","1228","190000021834","ESCOLA MUNICIPAL PROFESSORA JUPIRA FERREIRA CORREA","RUA CARAMURU, 150"
"12/7/2023","14:25:26","2016","2","ELEI??O ORDIN?RIA","1","220","ELEI??ES MUNICIPAIS 2016","10/2/2016","M","RJ","58491","MAG?","58491","MAG?","110","496","13","VEREADOR","28028","CLEVERSOM VIDAL RIBEIRO","1","2917","190000021834","ESCOLA MUNICIPAL ANAYDE DE MELO GUIMAR?ES","ESTRADA MUNICIPAL ANTONIO ALLEM BERGARA, 525"
"12/7/2023","14:25:26","2016","2","ELEI??O ORDIN?RIA","1","220","ELEI??ES MUNICIPAIS 2016","10/2/2016","M","RJ","58491","MAG?","58491","MAG?","110","497","13","VEREADOR","28028","CLEVERSOM VIDAL RIBEIRO","1","2917","190000021834","ESCOLA MUNICIPAL ANAYDE DE MELO GUIMAR?ES","ESTRADA MUNICIPAL ANTONIO ALLEM BERGARA, 525"
"12/7/2023","14:25:26","2016","2","ELEI??O ORDIN?RIA","1","220","ELEI??ES MUNICIPAIS 2016","10/2/2016","M","RJ","58491","MAG?","58491","MAG?","148","48","13","VEREADOR","28028","CLEVERSOM VIDAL RIBEIRO","1","1155","190000021834","ESCOLA MUNICIPAL TIRADENTES (ERNESTO COZZOLINO)","RUA 11 DE JULHO S/N"
"12/7/2023","14:25:26","2016","2","ELEI??O ORDIN?RIA","1","220","ELEI??ES MUNICIPAIS 2016","10/2/2016","M","RJ","58491","MAG?","58491","MAG?","148","245","13","VEREADOR","28028","CLEVERSOM VIDAL RIBEIRO","1","1457","190000021834","ESCOLA MUNICIPAL PROFESSOR DANIEL SOARES SILVA (MARIA T. COZZOLINO)","AV. AUTOMOVEL CLUBE KM 59 N. 745"
"12/7/2023","14:25:26","2016","2","ELEI??O ORDIN?RIA","1","220","ELEI??ES MUNICIPAIS 2016","10/2/2016","M","RJ","58491","MAG?","58491","MAG?","148","17","13","VEREADOR","28028","CLEVERSOM VIDAL RIBEIRO","1","1066","190000021834","CIEP 219 - NACAO YANOMANI  - ENY DA SILVA","RUA IRMAOS SCHNAIDER S/N"
"12/7/2023","14:25:26","2016","2","ELEI??O ORDIN?RIA","1","220","ELEI??ES MUNICIPAIS 2016","10/2/2016","M","RJ","58491","MAG?","58491","MAG?","148","161","13","VEREADOR","28028","CLEVERSOM VIDAL RIBEIRO","1","1198","190000021834","CIEP 441 - MANE GARRINCHA","RUA JOS? PEREIRA DE SOUZA S/N"
